ID,Kerne_A,Cyto_A,K/C,Kerne_Ycol,Cyto_Ycol,KerneShort,KerneLong,KerneElong,KerneRund,CytoShort,CytoLong,CytoElong,CytoRund,KernePeri,CytoPeri,KerneX,KerneY,CytoX,CytoY,KernePos,KerneMax,KerneMin,CytoMax,CytoMin,Class
1cyl01.BMP,121.99,606.96,0.167350298,0.6,0.75,10.9,15.03,0.7252,0.6876,22.12,42.11,0.5253,0.4358,61.88,226.3,404,273.78,348.63,242.15,0.6082,53,37,192,133,1
1cyl02.BMP,88.18,440.56,0.16677384,0.52,0.75,8.96,13.36,0.6707,0.6290,18.29,35.82,0.5106,0.4372,48.49,190.69,381.72,263.96,343.14,219.78,0.6576,43,24,109,100,1
2cyl03.BMP,69.58,234.47,0.22884394,0.57,0.77,7.2,15.44,0.4663,0.3716,12.82,37.63,0.3407,0.2108,63.94,156.5,273.57,294.75,281.7,293.7,0.0875,34,19,62,68,1
3cyl04.BMP,35.82,366.92,0.088940756,0.54,0.76,6.99,12.62,0.5539,0.2864,15.17,37.26,0.4071,0.3365,69.66,171.47,242.76,325.55,249.89,290.15,0.3892,19,11,125,85,1
4cyl05.BMP,46.22,277.87,0.142614706,0.54,0.73,7.19,11.53,0.6236,0.4427,12.57,35.48,0.3543,0.2811,65.29,147.28,348.55,313.94,337.01,280.61,0.3992,20,9,93,78,1
5cyl06.BMP,92.68,479.83,0.161883635,0.48,0.79,9.31,13.5,0.6896,0.6475,16.61,49.32,0.3368,0.2512,66.69,184.55,417,234.46,371.88,204.3,0.4419,25,12,120,88,1
6cyl07.BMP,115.23,153.87,0.428205128,0.52,0.73,8.22,19.99,0.4112,0.3672,10.38,53.76,0.1931,0.0678,84.85,210.81,359.13,284.69,379.08,292.87,0.1611,38,15,81,55,1
7cyl08.BMP,90.68,189.5,0.323649083,0.49,0.72,5.83,22.77,0.2560,0.2227,9.32,57.81,0.1612,0.0722,76.1,210.48,302.69,264.83,335.05,263.28,0.2251,40,19,80,74,1
58cyl09.BMP,82.79,294.46,0.219456594,0.43,0.69,9.56,12.04,0.7940,0.7272,17.48,28.29,0.6179,0.4685,66.01,190.37,456.43,252.94,408.23,267.97,0.7167,27,13,67,63,1
9cyl10.BMP,136.46,101.7,0.57297615,0.48,0.76,8.29,23.18,0.3576,0.3234,12.97,36.9,0.3515,0.0951,98.3,235.91,339.73,300.88,345.63,312.03,0.1373,42,26,62,43,1
10cyl11.BMP,344.75,106.52,0.76395506,0.4,0.73,12.33,38.25,0.3224,0.3000,20.72,49.38,0.4196,0.0556,136.07,250.16,352.48,191.39,372.51,185.38,0.1701,90,72,54,53,1
11cyl12.BMP,87.17,127.38,0.40629224,0.53,0.74,7.04,16.88,0.4171,0.3895,8.13,44.72,0.1818,0.0811,60.02,152.68,439.09,254,423.41,254.3,0.1408,39,27,81,40,1
12cyl13.BMP,96.5,191.63,0.334918266,0.51,0.74,7.47,17.58,0.4249,0.3976,9.28,52.08,0.1782,0.0900,55.13,165.99,317.53,257.84,301.08,258.42,0.1269,38,25,86,55,1
13cyl14.BMP,117.36,223.63,0.344174316,0.51,0.73,8.08,19.68,0.4106,0.3858,11.28,49.52,0.2278,0.1161,66.18,183.35,310.74,131.43,354.69,136.12,0.3585,41,28,83,58,1
64cyl15.BMP,87.49,139.9,0.384757465,0.46,0.7,10.58,11.29,0.9371,0.8739,12.54,31,0.4045,0.1854,57.79,128.16,487.46,206.64,488.24,213.65,0.0914,27,21,39,32,1
15cyl16.BMP,100.89,100.45,0.501092679,0.52,0.7,7.7,18.99,0.4055,0.3562,11.01,20.58,0.5350,0.3020,88.2,109.34,395.44,224.02,406.22,188.76,0.7195,43,30,29,32,1
16cyl17.BMP,80.97,165.64,0.328332184,0.45,0.71,6.51,17.39,0.3744,0.3409,13.16,39.12,0.3364,0.1378,55.88,150.7,428.08,241.75,430.73,212.27,0.3039,25,21,50,42,1
17cyl18.BMP,93.75,130.2,0.418620228,0.51,0.72,7.55,16.86,0.4478,0.4199,9.25,41.69,0.2219,0.0954,53.37,141.39,277.92,300,303.17,302.85,0.2448,32,19,75,43,1
18cyl19.BMP,72.83,331.66,0.180053895,0.48,0.75,8.78,11.33,0.7749,0.7224,21.7,24.73,0.8775,0.6905,43.77,176.33,410.17,331.65,442.84,326.97,0.5360,23,14,103,88,1
69cyl20.BMP,62.19,304.04,0.169811321,0.46,0.72,8.88,10.03,0.8853,0.7871,20.47,23.84,0.8586,0.6811,53.1,156.68,314.16,424.19,338.88,408.3,0.4950,23,11,75,75,1
20cyl21.BMP,56.3,222.69,0.201799348,0.4,0.72,7.83,10.01,0.7822,0.7154,15.92,22.7,0.7013,0.5502,40.69,130.1,223.3,341.92,220.27,307.05,0.6192,18,7,65,68,1
21cyl22.BMP,69.07,324.33,0.175571937,0.46,0.72,8.63,11.03,0.7824,0.7229,20.4,23.67,0.8619,0.7371,45.86,138.81,271.21,327.65,277.09,285.81,0.7169,23,10,89,74,1
22cyl23.BMP,47.41,320.58,0.128835023,0.41,0.75,5.55,11.89,0.4668,0.4270,21.13,21.9,0.9648,0.8511,36.79,135.99,506.13,382.7,510.28,345.43,0.6877,17,13,124,77,1
23cyl24.BMP,51.85,296.78,0.148725009,0.45,0.77,6.54,11.12,0.5881,0.5339,17.82,24.36,0.7315,0.6368,43.54,146.26,323.08,176.86,279.7,168.49,0.7284,13,4,121,86,1
74cyl25.BMP,55.49,105.84,0.343953387,0.5,0.68,6.81,12.02,0.5666,0.4890,9.6,29.1,0.3299,0.1591,63.07,126.44,407.05,250.97,412.55,247.02,0.0935,22,12,33,25,1
75cyl26.BMP,176.98,83.98,0.678188228,0.35,0.65,11.43,21.06,0.5427,0.5081,15.39,35.59,0.4324,0.0844,88.78,150.3,436.65,163.46,432.41,164.22,0.0486,45,41,30,30,1
76cyl27.BMP,86.8,74.59,0.537827623,0.43,0.7,5.9,21.76,0.2711,0.2334,9.64,34.22,0.2817,0.0811,75.87,158.78,438.29,335.53,438.84,335.72,0.0068,32,15,47,36,1
77cyl28.BMP,79.91,112.1,0.416176241,0.37,0.73,8.51,13.87,0.6136,0.5289,12.12,31.21,0.3883,0.1465,62.44,150.66,449.28,225.15,456.88,222.31,0.1044,20,13,59,36,1
78cyl29.BMP,131.2,100.76,0.565614761,0.44,0.71,9.47,19.42,0.4876,0.4429,13.4,33.41,0.4011,0.1149,86.21,158.37,301.77,217.77,287.21,222.03,0.1824,39,29,49,32,1
51cyl30.BMP,76.34,452.4,0.144380981,0.51,0.74,8.7,12.26,0.7096,0.6467,18.4,36.22,0.5080,0.4391,54.93,196.16,383.54,264.06,343.84,220.92,0.6501,44,24,109,101,1
30cyl31.BMP,52.17,526.11,0.090215812,0.38,0.77,7.45,9.84,0.7571,0.6860,23.81,33.06,0.7202,0.6129,34.86,212.78,337.07,304.87,396.48,289.95,0.7441,18,3,197,135,1
31cyl32.BMP,99.76,429.04,0.188653555,0.52,0.74,11.2,12.88,0.8696,0.7657,21.91,34.25,0.6397,0.4657,89.55,201.94,352.02,387.64,380.89,369.22,0.4016,40,16,152,104,1
32cyl33.BMP,73.15,342.12,0.176150456,0.48,0.75,9.01,11.15,0.8081,0.7492,17.72,29.71,0.5964,0.4935,51.26,173.48,377.74,321.08,334.39,296.36,0.6746,21,12,110,78,1
33cyl34.BMP,93.37,229.33,0.289339944,0.48,0.7,9.62,13.36,0.7201,0.6660,16.92,27.31,0.6196,0.3915,74.13,177.18,496.66,177.33,522.12,198.06,0.4828,41,22,57,59,1
34cyl35.BMP,90.87,462.48,0.164217945,0.47,0.74,9.56,13.98,0.6838,0.5920,23.22,33.73,0.6884,0.5176,76.03,246.14,441.96,210.35,463.54,246.24,0.4986,27,15,140,99,1
35cyl36.BMP,90.74,391.15,0.188300234,0.49,0.73,9.31,13.37,0.6963,0.6463,23.96,28.15,0.8512,0.6285,61.15,193.25,387.61,270.63,401.07,300.95,0.4733,28,15,105,73,1
36cyl37.BMP,75.53,325.33,0.188419897,0.48,0.78,7.45,13.95,0.5341,0.4942,19.96,29.57,0.6750,0.4737,49.71,202.54,283.92,303.69,317.26,328.7,0.5661,22,11,114,74,1
37cyl38.BMP,72.77,269.04,0.212896053,0.47,0.79,8.38,12.82,0.6537,0.5637,16.99,28.89,0.5881,0.4104,69.64,160.67,396.03,367.66,365.58,369.53,0.4241,24,10,71,65,1
38cyl39.BMP,77.28,562.18,0.120851969,0.42,0.76,8.08,13.26,0.6094,0.5596,25.38,33.68,0.7536,0.6310,54.92,182.81,538.41,223.73,494.67,208.66,0.5517,22,13,138,144,1
39cyl40.BMP,71.27,663.07,0.097053136,0.42,0.75,10.38,11.77,0.8819,0.6550,24.7,38.81,0.6364,0.5605,69.46,255.49,283.92,377.65,339.05,365.81,0.5835,23,12,231,198,1
40cyl41.BMP,85.36,627.25,0.119785016,0.45,0.74,7.59,15.58,0.4872,0.4477,28.15,33.12,0.8499,0.7281,63.68,236.78,517.33,228.06,500.04,276.04,0.6184,26,12,197,179,1
50cyl42.BMP,111.22,617.73,0.152575622,0.6,0.75,10.6,14.14,0.7496,0.7083,22.1,42.33,0.5221,0.4389,69.84,234.74,404.4,275.26,349.52,242.43,0.6067,51,36,192,128,1
42cyl43.BMP,91.93,441.13,0.172457134,0.45,0.73,10.32,12.2,0.8459,0.7864,24.13,33.04,0.7303,0.5145,57.11,183.85,481.11,123.46,514.61,116.52,0.4158,33,21,123,99,1
43cyl44.BMP,54.05,198.46,0.214050929,0.51,0.81,6.87,11.13,0.6173,0.5555,14.75,27.63,0.5338,0.3310,45.53,245.74,442.03,380.02,375.54,338.34,1.1406,24,11,148,85,1
44cyl45.BMP,51.6,415.58,0.110449934,0.54,0.83,8.03,9.83,0.8169,0.6799,15.68,42.23,0.3713,0.2967,63.32,294.29,453.84,279.67,501.53,269.47,0.4638,28,9,156,133,1
45cyl46.BMP,106.09,442.82,0.193273943,0.46,0.74,10.57,13.94,0.7582,0.6951,22.9,32.11,0.7132,0.5468,67.01,176.33,513.55,278.83,484.73,310.26,0.5333,32,19,134,127,1
46cyl47.BMP,99.32,455.47,0.179022693,0.48,0.73,10.73,13.06,0.8216,0.7414,17.48,42.99,0.4066,0.3138,56.49,153.28,333.25,308.3,385.95,289.58,0.5225,24,15,119,110,1
47cyl48.BMP,101.45,264.34,0.277344925,0.48,0.71,10.3,13.28,0.7756,0.7324,14.58,36.38,0.4008,0.2543,54.74,149.29,349.28,346.21,389.79,348.11,0.4477,39,15,80,89,1
48cyl49.BMP,42.84,364.1,0.105273505,0.57,0.79,8.93,10.73,0.8322,0.4738,15.97,36.65,0.4357,0.3451,89,250.19,536.22,189.46,505.1,189.25,0.3410,41,14,121,117,1
49cyl50.BMP,73.71,374.5,0.164454162,0.52,0.79,9.59,10.71,0.8954,0.8182,14.05,44.7,0.3143,0.2386,45.28,268.04,457.85,225.48,393.14,236.09,0.5891,26,17,195,134,1
1para01.BMP,48.47,431.11,0.101067601,0.33,0.7,7.1,9.77,0.7267,0.6465,20.64,34.03,0.6065,0.4740,47.17,145.48,167.08,371.82,157.23,369.33,0.1199,24,7,96,76,2
1para02.BMP,46.97,420.09,0.100565238,0.33,0.71,5.83,11.95,0.4879,0.4188,21.85,30.83,0.7087,0.5627,41.82,130.34,224.95,318.99,227.38,314.19,0.0701,18,16,82,82,2
2para03.BMP,55.17,208.04,0.209604498,0.33,0.65,7.52,10.07,0.7468,0.6927,18.43,21.57,0.8544,0.5693,39.23,101.81,48.7,291.94,54.49,277.74,0.2855,19,16,51,34,2
3para04.BMP,70.58,247.87,0.22163605,0.35,0.61,8.51,11.36,0.7491,0.6964,20.92,24.26,0.8623,0.5362,42.13,120.89,290.27,416.08,296.71,417.82,0.1104,36,29,61,53,2
4para05.BMP,71.77,247.93,0.224491711,0.34,0.53,8.04,12.21,0.6585,0.6129,17.64,29.3,0.6020,0.3677,44.4,114.78,192.78,435.97,191.54,434.94,0.0221,33,15,56,47,2
5para06.BMP,43.21,332.66,0.11495996,0.31,0.7,6.62,9.16,0.7227,0.6557,21.22,26.74,0.7936,0.5924,31.79,115.02,433.37,328.75,431.66,328.88,0.0258,15,10,84,80,2
6para07.BMP,73.15,334.23,0.17956208,0.33,0.61,8.22,12.06,0.6816,0.6404,20.45,30.66,0.6670,0.4527,38.67,117.66,529.66,325.34,534.83,322.69,0.0761,34,24,70,68,2
7para08.BMP,62.25,313.25,0.165778961,0.32,0.54,7.62,11.3,0.6743,0.6207,20.7,27.4,0.7555,0.5313,42.18,113.93,472.02,212.74,468.79,205.76,0.1127,25,17,63,57,2
8para09.BMP,39.83,279.31,0.124804161,0.27,0.61,6.3,8.95,0.7039,0.6331,15.74,30.12,0.5226,0.3920,29.21,104.44,281.44,200.65,287.49,198.51,0.0856,16,11,54,54,2
9para10.BMP,59.31,207.54,0.222259696,0.32,0.65,8.08,10,0.8080,0.7552,18.73,21.94,0.8537,0.5490,36.3,103.74,702.25,200.56,707.33,186.89,0.2669,23,11,54,46,2
10para11.BMP,53.42,250.94,0.175515837,0.37,0.71,7.14,11.06,0.6456,0.5560,20.05,21.28,0.9422,0.7056,55.01,126.25,445.97,214.24,462.73,198.65,0.4320,24,18,54,54,2
11para12.BMP,37.76,455.78,0.07650849,0.38,0.71,7.36,8.59,0.8568,0.6516,24.82,28.31,0.8767,0.7241,48.67,147.59,594.65,262,584.57,266.3,0.1555,23,10,102,86,2
12para13.BMP,61.62,288.7,0.175896323,0.3,0.64,7.22,11.61,0.6219,0.5821,20.33,26.27,0.7739,0.5326,37.4,111.4,242.78,334.24,243.91,329.57,0.0735,23,11,70,64,2
13para14.BMP,64.06,682.67,0.085787366,0.34,0.59,7.61,11.9,0.6395,0.5760,22.11,48.34,0.4574,0.3720,46.55,168.2,177.52,240.78,178.54,227.56,0.1102,30,12,156,144,2
14para15.BMP,40.58,513.96,0.073177769,0.37,0.66,6.69,10.52,0.6359,0.4669,19,40.54,0.4687,0.3982,57.05,156.38,648,150.64,637.88,141.79,0.1332,19,14,127,100,2
15para16.BMP,96.13,260.02,0.269914362,0.33,0.56,10.88,12.45,0.8739,0.7896,18.43,31.86,0.5785,0.3262,52.2,132.57,495.9,279.97,495.21,271.89,0.1022,34,21,51,59,2
16para17.BMP,15.59,814.87,0.018772728,0.37,0.66,4.11,7.12,0.5772,0.3916,26.66,41.84,0.6372,0.5927,31.02,177.95,382.48,242.71,383.46,225.16,0.1687,14,9,200,149,2
17para18.BMP,84.98,867.91,0.089181333,0.35,0.69,10.34,11.09,0.9324,0.8798,35.83,38.69,0.9261,0.7382,43.94,197.53,436.93,225.22,448.54,220.31,0.1308,43,25,174,135,2
18para19.BMP,88.49,768.87,0.103212186,0.32,0.62,9.96,10.46,0.9522,1.0298,34.66,40.5,0.8558,0.5968,42.49,207.87,422.21,237.42,451.42,251.13,0.3200,42,27,166,125,2
19para20.BMP,112.51,501.72,0.183172427,0.34,0.62,10.18,14.14,0.7199,0.7165,23.81,37.92,0.6279,0.4443,56.45,182.5,456.22,281.13,457.74,263.63,0.1860,42,28,101,88,2
20para21.BMP,97.63,613.85,0.137221004,0.36,0.57,9.91,13.69,0.7239,0.6633,23.64,45.68,0.5175,0.3746,58.6,179.14,237.26,435.69,238.71,434.51,0.0164,49,39,137,99,2
21para22.BMP,95.31,424.66,0.183299036,0.34,0.56,10.48,13.13,0.7982,0.7039,20.56,38.99,0.5273,0.3557,72.49,178.51,380.56,388.42,371.16,390.68,0.0996,40,30,102,74,2
22para23.BMP,111.47,463.48,0.193877728,0.34,0.61,11.08,13.52,0.8195,0.7765,24.81,35.82,0.6926,0.4599,57.69,171,474.18,266.05,466.14,273.13,0.1201,44,33,91,78,2
23para24.BMP,86.11,669.96,0.113891571,0.33,0.65,10.65,10.96,0.9717,0.9127,31.64,38.54,0.8210,0.5743,50.54,331.68,366.63,306.66,368.93,297.55,0.0979,38,33,240,165,2
24para25.BMP,69.89,509.89,0.120545724,0.3,0.61,9.46,10.09,0.9376,0.8741,24.71,35.46,0.6968,0.5163,36.02,149.39,427.44,298.01,419.5,302.76,0.1048,24,18,96,81,2
25para26.BMP,148.92,1058.73,0.123313874,0.35,0.61,10.48,19.88,0.5272,0.4798,35.53,49.58,0.7166,0.5484,96.88,302.2,328.6,317.15,340.06,307.34,0.1222,62,48,218,178,2
26para27.BMP,170.03,912.88,0.157012125,0.34,0.6,11.51,20.08,0.5732,0.5369,31.64,50.93,0.6212,0.4481,98.43,252.99,358.83,265.02,366.87,249.9,0.1350,76,56,149,180,2
27para28.BMP,134.58,803.97,0.143391402,0.36,0.61,11.12,15.09,0.7369,0.7525,21.45,41.01,0.5230,0.6087,59.78,217.31,599.23,344.75,650.51,402.92,0.7594,56,52,87,68,2
28para29.BMP,86.99,888.14,0.089208618,0.36,0.62,9.71,12.86,0.7551,0.6697,36.33,37.69,0.9639,0.7960,63.22,202.75,420.06,419.62,407.71,416.26,0.1364,37,22,172,192,2
29para30.BMP,141.09,408.5,0.256718645,0.34,0.65,12.14,16.08,0.7550,0.6948,22.09,40.08,0.5511,0.3238,65.27,185.87,632.92,363.67,636.63,377.42,0.1427,53,40,89,68,2
30para31.BMP,80.66,319.7,0.201468678,0.33,0.59,9.19,11.94,0.7697,0.7204,18.37,33.6,0.5467,0.3606,44.47,128.21,284.87,250.47,275.42,249.22,0.1139,32,18,56,54,2
31para32.BMP,212.42,675.16,0.239324906,0.34,0.62,14.9,23.4,0.6368,0.4939,36.5,38.82,0.9402,0.5704,159.29,281.52,542.6,214.49,537.71,214.08,0.0508,78,60,101,131,2
32para33.BMP,101.08,482.96,0.173070338,0.35,0.6,9.58,14.2,0.6746,0.6383,27.98,31.71,0.8824,0.6115,53.42,149.32,405.42,298.5,410.88,294.5,0.0857,42,25,85,86,2
33para34.BMP,164.51,458.54,0.264039804,0.37,0.63,13.42,16.36,0.8203,0.7826,30.33,33.34,0.9097,0.5252,79.94,205.14,319.65,254.44,320.32,265.48,0.1332,67,40,99,62,2
34para35.BMP,364.04,278.68,0.566405278,0.33,0.58,21.4,22.86,0.9361,0.8870,33.99,38.72,0.8778,0.2367,142.29,250.65,425.93,295.83,418.35,296.46,0.0789,126,112,71,76,2
35para36.BMP,173.85,538.51,0.244047953,0.34,0.54,13.33,18.09,0.7369,0.6764,31.26,36.56,0.8550,0.5130,113.1,225.91,384.7,373.11,370.14,369.1,0.1659,71,54,105,126,2
36para37.BMP,115.29,1112.65,0.093888952,0.33,0.62,10.22,15.07,0.6782,0.6464,31.54,56.32,0.5600,0.4466,56.69,255.72,405.67,265.06,402.06,251.63,0.0992,38,24,202,174,2
37para38.BMP,101.33,634.45,0.137717796,0.36,0.58,10.15,13.45,0.7546,0.7132,28.75,37.07,0.7756,0.5878,65.85,187.66,562.71,356.69,544.82,358.11,0.1944,38,30,121,124,2
38para39.BMP,74.02,624.81,0.105919895,0.37,0.65,9.08,11.39,0.7972,0.7265,24.43,40.88,0.5976,0.4760,56.37,175.89,459.66,338.31,445.76,341.26,0.1396,31,27,120,101,2
39para40.BMP,48.6,772.54,0.05918601,0.38,0.66,8.1,9.12,0.8882,0.7440,23.62,49.76,0.4747,0.3973,75.29,246.82,311.85,285.01,313.34,292.64,0.0627,36,27,212,135,2
40para41.BMP,86.74,515.34,0.144067234,0.37,0.64,9.67,12.13,0.7972,0.7506,25.51,35.11,0.7266,0.5323,61.08,161.99,502.79,225.11,487.74,224.68,0.1722,38,30,67,73,2
41para42.BMP,108.59,640.71,0.144921927,0.35,0.65,9.86,14.7,0.6707,0.6398,27.28,41.01,0.6652,0.4851,51.08,178.93,434.86,263.63,436.72,264.18,0.0190,46,37,105,115,2
42para43.BMP,28.31,1475.94,0.01882001,0.37,0.6,6.1,9.32,0.6545,0.4150,39.87,50,0.7974,0.7517,53.6,227.17,310.35,298,300.44,274.86,0.2022,18,8,354,311,2
43para44.BMP,103.89,764.02,0.119701352,0.31,0.59,9.45,15.05,0.6279,0.5840,27.82,45.49,0.6116,0.4701,61.22,195.56,332.75,232.58,341.72,238.55,0.0951,50,29,139,141,2
44para45.BMP,37.39,569.32,0.061627466,0.34,0.76,5.57,11.13,0.5004,0.3843,23.84,35.22,0.6769,0.5844,43.72,144.31,379.54,320.99,364.69,319.74,0.1699,20,10,115,105,2
45para46.BMP,37.26,551.35,0.063301677,0.35,0.79,5.77,9.99,0.5776,0.4754,26.74,30.54,0.8756,0.7527,40.75,147.26,265.85,400.9,272.12,400.72,0.0825,23,14,134,98,2
46para47.BMP,42.84,419.02,0.09275538,0.31,0.74,6.41,9.35,0.6856,0.6239,21.71,30.24,0.7179,0.5834,30.95,128.71,287.51,280.9,282.04,289.22,0.1322,15,5,106,60,2
47para48.BMP,68.57,349.76,0.163913657,0.35,0.62,8.52,11.15,0.7641,0.7023,22.5,28.15,0.7993,0.5620,46.28,125.38,558.27,230.84,564.71,228.37,0.0984,24,21,64,64,2
48para49.BMP,69.58,807.36,0.079344083,0.35,0.6,7.94,12.11,0.6557,0.6041,23.01,55.78,0.4125,0.3304,47.41,207.27,356.59,330.36,339.31,329.24,0.1247,38,24,186,177,2
49para50.BMP,35.45,511.27,0.064841235,0.37,0.63,6.03,9.16,0.6583,0.5379,22.93,32.91,0.6967,0.6010,38.41,145.39,159.98,354.47,168.02,355.13,0.0984,15,12,109,87,2
1inter01.BMP,53.98,1633.31,0.031992129,0.39,0.85,8.14,9.02,0.9024,0.8448,53.69,71.46,0.7513,0.4072,28.03,1400.11,412.61,261.82,441.61,273.33,0.1753,13,13,1072,665,3
1inter02.BMP,49.85,1410.12,0.034144537,0.36,0.81,7.54,9.34,0.8073,0.7276,41.5,54.78,0.7576,0.5983,38.11,630.84,372.02,278.6,396.1,279.33,0.1766,20,13,574,350,3
2inter03.BMP,47.47,1836.59,0.025195588,0.37,0.81,7.63,8.47,0.9008,0.8425,47.73,55.55,0.8592,0.7578,30.92,446.03,387.8,292.01,393.63,292.64,0.0424,16,9,611,421,3
3inter04.BMP,59.62,2480.19,0.023474197,0.35,0.74,7.9,10.22,0.7730,0.7268,54.92,62.98,0.8720,0.7961,31.54,341.1,371.16,277.55,374.8,271.42,0.0455,31,20,728,614,3
4inter05.BMP,67.32,2235.26,0.029236769,0.32,0.74,8.11,11.26,0.7202,0.6760,47.3,66.89,0.7071,0.6361,34.42,293.43,442.87,281.76,427.18,265.58,0.1353,19,15,549,453,3
5inter06.BMP,62.31,2778.59,0.02193319,0.36,0.79,8.22,10.4,0.7904,0.7335,55.5,68.9,0.8055,0.7452,39.17,353.23,380.07,341,381.73,284.04,0.3322,27,20,795,609,3
6inter07.BMP,68.76,2708.58,0.024757502,0.41,0.79,9.26,10.04,0.9223,0.8685,49.29,81.88,0.6020,0.5144,44.92,658.61,401.93,240.06,396.5,229.33,0.0590,17,19,956,642,3
7inter08.BMP,26.24,1639.39,0.015753799,0.38,0.81,5.16,7.3,0.7068,0.6269,37.73,58.69,0.6429,0.6060,31.91,279.42,452.39,296.1,428.49,281.58,0.1914,13,3,474,425,3
8inter09.BMP,55.67,2568.17,0.021216995,0.33,0.76,7.35,10.38,0.7081,0.6579,53.03,66.66,0.7955,0.7359,31.97,387.45,437.68,262.28,411.1,246.65,0.1858,19,10,691,535,3
9inter10.BMP,58.74,3057.58,0.018849155,0.4,0.76,6.82,11.95,0.5707,0.5237,59.03,69.89,0.8446,0.7970,40.09,328.36,368.27,288.6,376.78,277.63,0.0798,28,10,828,654,3
10inter11.BMP,122.99,2694.8,0.043647681,0.44,0.67,11.75,14.28,0.8228,0.7679,59.87,64.2,0.9326,0.8325,73.71,301.9,417.33,247.8,395.27,260.85,0.1603,51,31,741,646,3
11inter12.BMP,55.74,2804.52,0.019487739,0.37,0.77,7.79,9.91,0.7861,0.7227,58.61,67.06,0.8740,0.7940,38.27,317.16,374.52,272.84,397.67,277.16,0.1410,21,9,791,663,3
12inter13.BMP,95.5,3926,0.023747358,0.33,0.83,9.28,13.9,0.6676,0.6293,69.99,89.8,0.7794,0.6199,42.47,1458.89,440.83,313.34,447.52,272.22,0.1863,30,22,1480,935,3
13inter14.BMP,81.98,1916.88,0.041013378,0.42,0.75,9.49,11.69,0.8118,0.7638,43.3,65.39,0.6622,0.5708,54.8,298,386.03,294.81,385.68,290.79,0.0248,36,14,577,419,3
14inter15.BMP,97.63,3020.76,0.031307822,0.48,0.8,10.33,12.75,0.8102,0.7647,56.48,73.74,0.7659,0.7073,61.1,378.61,367.29,303.5,379.93,296.64,0.0783,41,27,945,717,3
15inter16.BMP,60.81,2725.49,0.021824642,0.37,0.77,6.94,11.97,0.5798,0.5404,55.81,66.41,0.8404,0.7868,40.39,305.84,403.31,293.49,422.63,297.8,0.1197,18,5,772,646,3
16inter17.BMP,66.01,2895.7,0.0222878,0.42,0.82,7.73,11.58,0.6675,0.6268,56.72,70.05,0.8097,0.7514,42.84,373.89,384.46,230.47,383.86,270.71,0.2307,21,9,1035,819,3
67inter18.BMP,116.17,3956.81,0.028522114,0.48,0.78,11.97,12.92,0.9265,0.8861,69.56,78.63,0.8846,0.8149,57.33,401.46,350.96,264.49,360.08,280.5,0.0941,45,39,1275,952,3
18inter19.BMP,47.41,3896.94,0.012019724,0.41,0.8,7.57,8.81,0.8593,0.7777,70.12,73.59,0.9528,0.9162,44.86,488.73,368.26,271.96,366.93,270.65,0.0102,13,8,1512,1229,3
19inter20.BMP,44.09,2578.32,0.016812779,0.41,0.81,7.03,8.78,0.8007,0.7282,49.52,72.38,0.6842,0.6266,35.18,630.93,407.46,274.97,415.95,287.01,0.0817,17,8,917,660,3
20inter21.BMP,61.62,3638.99,0.016651309,0.37,0.78,7.35,11.47,0.6408,0.5964,58.88,82.74,0.7116,0.6768,35.72,312.46,348.97,250.92,358.68,258.55,0.0599,22,12,1096,866,3
21inter22.BMP,57.61,2299.26,0.024443436,0.37,0.74,8.08,9.95,0.8121,0.7409,45.44,70.01,0.6491,0.5973,36.51,280.8,375.81,277.38,372.77,298.69,0.1235,21,8,652,560,3
22inter23.BMP,57.68,2819.61,0.020046641,0.37,0.77,8.04,9.88,0.8138,0.7524,58.63,67.44,0.8694,0.7893,36.79,320.43,444.61,283.08,467.82,287.48,0.1407,26,13,757,626,3
23inter24.BMP,54.42,2315.61,0.022961735,0.38,0.79,7.54,10.06,0.7495,0.6847,53.16,63.17,0.8415,0.7388,41.52,591.47,334.49,292.78,353.83,262.19,0.2301,17,12,803,550,3
24inter25.BMP,77.59,2091.54,0.035770101,0.34,0.63,9.56,10.93,0.8747,0.8269,42.95,69,0.6225,0.5593,39.11,308.38,418.94,316.75,409.69,314.22,0.0558,23,6,540,452,3
25inter26.BMP,58.99,5230.66,0.011151967,0.37,0.85,7.5,10.85,0.6912,0.6380,82.4,85.18,0.9674,0.9179,39.97,729.89,430.29,218.77,455.15,281.35,0.3175,21,12,1980,1596,3
76inter27.BMP,129.51,6008.9,0.021098297,0.52,0.85,11.31,15.2,0.7441,0.7137,84.73,100.03,0.8470,0.7646,44.89,1256.53,420.78,288.33,430.16,303.86,0.0728,42,32,2735,2130,3
77inter28.BMP,136.33,4908.89,0.027021617,0.56,0.85,12.16,14.84,0.8194,0.7882,71.27,97.42,0.7316,0.6586,44.26,673.31,445.69,259.38,432.47,272.15,0.0758,35,23,2180,1835,3
28inter29.BMP,43.27,4511.85,0.009499201,0.37,0.79,6.4,9.41,0.6801,0.6222,66.34,90.57,0.7325,0.7003,37.19,465.01,523.38,298.84,514.55,286.14,0.0686,17,14,1758,1365,3
29inter30.BMP,17.22,4465.45,0.003841461,0.5,0.84,4.56,6.74,0.6766,0.4826,60.38,99.69,0.6057,0.5721,36.88,776.2,442.92,243.45,435.71,269.15,0.1075,12,5,1942,1699,3
30inter31.BMP,35.45,3763.05,0.009332631,0.4,0.84,6.8,7.64,0.8901,0.7733,65.15,99.47,0.6550,0.4842,38.21,1818.45,431.22,245.16,436.76,250.99,0.0325,20,14,1656,1250,3
31inter32.BMP,16.47,4229.98,0.003878534,0.38,0.84,4.94,6.27,0.7879,0.5334,70.41,81.48,0.8641,0.8112,28.82,882.35,415.97,301.17,402.39,298.33,0.0684,10,5,1634,1256,3
82inter33.BMP,94.94,3874.77,0.023916105,0.47,0.86,10.55,12.08,0.8733,0.8284,79.46,87.11,0.9122,0.6502,55.15,1974.98,507.41,303.66,483.05,298.05,0.1152,28,17,1865,1296,3
33inter34.BMP,50.29,4733.8,0.010511926,0.34,0.84,7.37,9.78,0.7536,0.6694,70.65,94.89,0.7445,0.6694,33.8,1253.03,421.58,285.2,409.52,272.82,0.0731,21,12,2051,1805,3
84inter35.BMP,100.26,3312.47,0.02937824,0.54,0.86,10.39,14.54,0.7146,0.6038,53.39,85.79,0.6223,0.5730,98.53,710.25,486.56,274.33,488.81,276.43,0.0144,41,34,1355,1281,3
35inter36.BMP,30.06,5371.5,0.005565059,0.37,0.8,5.18,9.6,0.5396,0.4153,81.19,88.8,0.9143,0.8673,42.94,670.13,371.01,285.84,348.91,305.84,0.1348,17,7,2105,1794,3
36inter37.BMP,47.28,5113.11,0.009162098,0.4,0.84,7.64,8.49,0.8999,0.8352,80.93,85.5,0.9465,0.8906,32.82,517.55,424.64,237.5,418.61,272.5,0.1668,22,17,2159,1855,3
37inter38.BMP,49.29,1950.94,0.024642166,0.36,0.84,6.51,10.35,0.6290,0.5859,48.82,68.67,0.7109,0.5268,33.98,1451.54,414.46,369.52,395.73,278.65,0.5426,20,17,905,671,3
38inter39.BMP,64.69,5497.19,0.011630959,0.38,0.82,8.94,9.97,0.8967,0.8286,80.77,89.98,0.8976,0.8645,50.32,522.52,483.15,270.19,458.18,228.06,0.2186,24,23,2316,1828,3
39inter40.BMP,12.9,4850.9,0.002652247,0.39,0.83,3.28,6.45,0.5085,0.3948,78.75,103.75,0.7590,0.5738,29.19,2406.31,388.98,282.72,392.97,241.33,0.1610,10,3,2357,1767,3
40inter41.BMP,69.01,4655.33,0.014607331,0.42,0.82,9.02,10.3,0.8757,0.8282,70.2,90.36,0.7769,0.7260,34.24,640.58,446.91,233.82,406.21,245.35,0.1880,25,15,1970,1604,3
41inter42.BMP,63.44,4010.98,0.015570314,0.37,0.82,8.39,10.21,0.8217,0.7749,65.74,81.49,0.8067,0.7690,32.44,440.95,501.78,294.3,508.91,268.01,0.1342,19,13,1650,1372,3
42inter43.BMP,39.2,4306.51,0.00902039,0.41,0.85,6.22,9.56,0.6506,0.5461,76.46,77.98,0.9805,0.9017,36.06,1094.99,441.1,248.24,472.15,278.83,0.2245,20,13,1901,1648,3
43inter44.BMP,60.12,4693.53,0.012647124,0.41,0.83,7.37,11.29,0.6528,0.6005,68.94,93.98,0.7336,0.6766,44.07,558.69,430.15,284.93,390.96,258.23,0.2026,19,12,2006,1617,3
44inter45.BMP,51.54,5063.2,0.010076759,0.36,0.82,7.41,9.54,0.7767,0.7210,63.92,106.41,0.6007,0.5693,34.96,692.87,485.9,261.09,486.38,282.14,0.0795,16,14,2263,1855,3
45inter46.BMP,53.61,4514.8,0.011734936,0.33,0.84,8.09,9.03,0.8959,0.8371,75.17,80.51,0.9337,0.8868,29.83,895.76,452.1,336.47,416.49,301.55,0.2488,15,9,1639,1412,3
46inter47.BMP,58.3,3113.82,0.018378876,0.44,0.84,7.71,10.55,0.7308,0.6669,47.55,95.58,0.4975,0.4340,47.05,993.34,425.89,250.75,451.19,293.89,0.2101,24,10,1615,1133,3
97inter48.BMP,110.28,3470.22,0.030800168,0.52,0.82,11.32,12.96,0.8735,0.8360,67.84,72.24,0.9391,0.8467,41.44,346.34,379.8,271.35,364.13,281.7,0.1044,41,29,1219,1005,3
50inter49.BMP,46.28,2600.24,0.017487115,0.35,0.86,7.47,8.47,0.8819,0.8214,56.52,73.55,0.7685,0.6120,28.53,1139.67,412.59,262.3,430.43,273.39,0.1147,19,13,1244,947,3
99inter50.BMP,150.49,3930.63,0.036874681,0.55,0.83,11.78,16.89,0.6975,0.6717,56.84,97.68,0.5819,0.5245,47.01,466.21,449.17,281.35,418.99,266.36,0.1385,42,36,1343,1203,3
1super01.BMP,22.04,2637.69,0.008286555,0.29,0.75,5.52,5.59,0.9875,0.8980,56.61,63.51,0.8914,0.8326,17.48,286.5,304.84,298.31,295.77,291.23,0.0728,11,8,952,671,4
1super02.BMP,25.99,2112.14,0.012155482,0.29,0.77,5.06,7.15,0.7077,0.6473,48.71,60.99,0.7987,0.7230,19.97,380.21,458.68,233.58,441.97,249.64,0.1526,10,7,718,510,4
2super03.BMP,26.05,2981.31,0.008662082,0.32,0.7,5.71,6.34,0.9006,0.8252,57.11,69.73,0.8190,0.7807,19.19,331.82,478.57,245.01,462.01,242.83,0.0962,13,10,885,670,4
3super04.BMP,28.68,4234.74,0.006726994,0.31,0.81,6.07,6.54,0.9281,0.8538,63.9,89.2,0.7164,0.6777,20.25,718.55,419.25,251.73,412.75,271.88,0.0953,13,3,1805,1357,4
4super05.BMP,31.25,3588.33,0.008633598,0.29,0.78,5.97,7.38,0.8089,0.7305,61.27,78.44,0.7811,0.7426,21.93,416.65,364.18,286.76,407.52,297.72,0.2289,17,6,1289,975,4
5super06.BMP,23.11,4104.86,0.005598393,0.29,0.82,5.4,5.98,0.9030,0.8228,67.11,83.12,0.8074,0.7565,19.07,618.14,368.51,319.72,381.88,249.76,0.3441,10,4,1804,1457,4
6super07.BMP,24.74,3142.94,0.007810132,0.28,0.76,5.58,6.18,0.9029,0.8248,59.05,70.25,0.8406,0.8109,18.94,272.93,405.99,327.22,432.82,309.05,0.1852,12,6,1060,871,4
7super08.BMP,23.8,2026.47,0.011608227,0.29,0.76,5.7,5.81,0.9811,0.8977,40.67,66.79,0.6089,0.5784,18.16,241.22,442.45,286.61,427.85,274.36,0.1146,13,8,609,468,4
8super09.BMP,21.48,1708.02,0.012419775,0.29,0.66,5.14,5.88,0.8741,0.7910,41.33,61.31,0.6741,0.5785,17.78,244.21,431.6,264.3,436.52,257.08,0.0572,12,5,451,335,4
9super10.BMP,33.38,3912.16,0.008460185,0.32,0.72,5.98,7.68,0.7786,0.7206,67.82,76.14,0.8907,0.8592,22.07,404.83,417.92,296.89,412.38,290.35,0.0452,18,9,1192,931,4
10super11.BMP,25.11,2366.83,0.010497755,0.3,0.69,5.6,6.24,0.8974,0.8211,48.69,66,0.7377,0.6918,18.65,221.22,442.87,233.05,421.75,242.82,0.1416,10,6,694,526,4
11super12.BMP,31.06,3389.62,0.009080066,0.32,0.74,5.92,7.33,0.8076,0.7360,62.13,74.24,0.8369,0.7830,21.77,341.49,470.1,256.93,448.6,280.58,0.1729,14,9,1065,824,4
12super13.BMP,27.49,2010.94,0.013485869,0.3,0.7,5.67,6.73,0.8425,0.7728,40.98,66.89,0.6126,0.5723,21.13,277.06,409.96,259.78,407.05,250.97,0.0557,15,8,516,402,4
13super14.BMP,25.68,5245.81,0.004871488,0.35,0.77,5.28,7.02,0.7521,0.6635,75.26,91.7,0.8207,0.7943,22.12,429.88,408.27,277.21,414.43,283.83,0.0396,12,5,1614,1236,4
14super15.BMP,29.45,4021.12,0.007270582,0.33,0.74,5.73,7.2,0.7958,0.7233,56.88,82.84,0.6866,0.7461,22.24,314.02,433.71,315.54,438.24,283.99,0.1545,22,14,511,401,4
15super16.BMP,32.06,2313.79,0.013666688,0.31,0.7,6.03,7.4,0.8149,0.7454,47.53,69.05,0.6883,0.6179,22.46,252.06,349.76,300.17,346.4,285.09,0.0899,17,5,681,505,4
16super17.BMP,30.56,4016.37,0.007551403,0.32,0.83,5.52,7.66,0.7206,0.6631,68.03,83.34,0.8163,0.7363,21.17,911.01,339.48,269.44,372.43,279.85,0.1665,15,4,1790,1261,4
17super18.BMP,27.65,3610.77,0.007599453,0.3,0.76,5.15,6.71,0.7675,0.7819,61.1,81.09,0.7535,0.6992,19.8,600.88,399.12,231.21,449.99,268.79,0.3132,14,4,1091,871,4
18super19.BMP,23.73,3104.8,0.007585032,0.28,0.7,5.45,6.07,0.8979,0.8200,52.3,79.84,0.6551,0.6202,18.6,312.45,461.94,228.7,396.68,245.28,0.3387,10,5,701,579,4
19super20.BMP,25.68,3662.1,0.006963539,0.28,0.73,5.37,6.69,0.8027,0.7306,59.5,81.83,0.7271,0.6963,20.37,334.98,407.86,182.08,438.07,240.27,0.3218,10,7,1119,917,4
20super21.BMP,29.37,2550.7,0.011383412,0.3,0.77,5.43,7.55,0.7192,0.6560,50.78,66.59,0.7626,0.7324,20.99,326.67,411.32,214.16,408.99,236.41,0.1349,10,7,876,658,4
21super22.BMP,29.75,2466.78,0.01191654,0.29,0.71,5.86,7.03,0.8336,0.7665,54.87,63.3,0.8668,0.7839,21.35,267.72,393.79,312.01,375.35,284.13,0.2121,14,5,735,583,4
22super23.BMP,19.23,4490.06,0.004264529,0.41,0.84,4.13,7.38,0.5596,0.4495,65.23,91.69,0.7114,0.6800,27.56,651,457.43,274.93,459.48,252.89,0.0970,12,8,2097,1822,4
23super24.BMP,37.64,2843.47,0.013064409,0.3,0.76,6.73,7.67,0.8774,0.8146,55.19,71.62,0.7706,0.7058,23.54,328.82,424.19,295.03,403.92,267.92,0.1898,17,10,1001,720,4
24super25.BMP,21.79,2423.2,0.008912102,0.29,0.82,5.44,5.62,0.9680,0.8784,54.83,68.05,0.8057,0.6663,18.42,1052.72,350.16,331.33,349.08,286.65,0.2638,9,6,1111,727,4
25super26.BMP,42.27,4208.19,0.009944806,0.32,0.8,6.53,8.86,0.7370,0.6856,69.29,85.25,0.8128,0.7373,24.66,1150.39,407.41,283.58,418.87,271.69,0.0778,18,15,1699,1296,4
26super27.BMP,39.2,3208.7,0.012069337,0.32,0.81,6.55,8.18,0.8007,0.7459,54.19,84.5,0.6413,0.5722,24.46,686.25,532.18,265.83,505.62,272.8,0.1305,19,12,1246,1055,4
27super28.BMP,46.09,4241.69,0.010749152,0.35,0.83,7.66,8.23,0.9307,0.8664,62.41,103.96,0.6003,0.4997,31.27,1509.79,426.6,292.7,424.34,247.26,0.1758,23,19,1970,1627,4
28super29.BMP,35.26,3081.63,0.011312558,0.31,0.84,6.67,7.25,0.9200,0.8541,50.89,87.48,0.5817,0.5127,22.27,1026.58,461.69,277.08,490.11,281.6,0.1321,13,10,1474,1123,4
29super30.BMP,29.43,2839.34,0.010258752,0.31,0.82,6.08,6.7,0.9075,0.8347,48.11,86.83,0.5541,0.4795,20.79,773.88,395.79,337.29,406.89,292.68,0.2126,12,8,1109,759,4
30super31.BMP,45.59,4084.82,0.011037645,0.31,0.75,6.62,9.41,0.7035,0.6555,64.9,84.73,0.7660,0.7245,26.32,533.03,457.46,305.34,475.85,336.63,0.1720,21,12,1459,1239,4
31super32.BMP,34.13,1659.87,0.02014758,0.33,0.86,5.81,8.09,0.7182,0.6640,37.84,79.22,0.4777,0.3368,21.99,1265.53,388.49,250.94,401.08,220.58,0.1666,16,21,1062,654,4
32super33.BMP,35.7,4125.77,0.008578699,0.3,0.82,6.74,7.27,0.9271,0.8600,58.85,94.35,0.6237,0.5901,23,978,440.44,290.36,466.34,298.67,0.1158,17,12,1878,1563,4
33super34.BMP,26.3,2372.47,0.010963952,0.29,0.81,5.58,6.55,0.8519,0.7805,57.66,69.67,0.8276,0.6223,20.41,1284.22,445.2,234.35,446.71,266.7,0.1867,15,8,1024,663,4
34super35.BMP,37.32,939.75,0.03819583,0.34,0.82,6.89,7.44,0.9261,0.8584,38.72,51.12,0.7574,0.4579,23.59,942.84,452.07,336.94,447.28,320.15,0.1372,16,14,544,363,4
35super36.BMP,30.69,3410.1,0.008919463,0.39,0.82,6.17,6.97,0.8852,0.8043,62.89,72.72,0.8648,0.8210,30.43,532.43,415.79,324.56,380.62,317.12,0.1985,22,11,1571,1383,4
36super37.BMP,33.94,3462.39,0.009707322,0.36,0.79,6.07,7.7,0.7883,0.7289,62.55,76.7,0.8155,0.7494,22.95,762.74,418.4,217.49,405.43,274.69,0.3071,19,9,1514,1244,4
37super38.BMP,35.32,2601.24,0.013396244,0.3,0.8,5.77,8.45,0.6828,0.6298,51.33,71,0.7230,0.6570,23.04,757.47,419.1,277.61,408.85,251.14,0.1606,13,15,1086,782,4
38super39.BMP,35.2,3955.12,0.008821348,0.34,0.84,6.66,7.25,0.9186,0.8527,66.81,80.71,0.8278,0.7731,22.21,772.44,501.96,297.11,468.76,278.41,0.1896,13,13,1591,1335,4
39super40.BMP,27.74,2431.71,0.011278944,0.34,0.79,5.64,6.84,0.8246,0.7549,41.49,86.74,0.4783,0.4115,23.72,705.53,330.37,224.72,318.59,270.46,0.2187,13,7,1164,940,4
40super41.BMP,37.95,3491.07,0.010753694,0.29,0.78,6.83,7.6,0.8987,0.8366,62.18,74.69,0.8325,0.7968,23.73,453.18,473.26,338.66,480.45,306.03,0.1797,13,16,1436,1247,4
41super42.BMP,29.06,3095.85,0.009299468,0.37,0.79,5.91,6.83,0.8653,0.7932,55.79,74.61,0.7478,0.7081,21.83,506.33,461.82,328.64,465.79,308.66,0.1096,17,14,1396,1229,4
42super43.BMP,32.69,3955.37,0.008196968,0.31,0.79,6.34,7.09,0.8942,0.8280,60.52,87.71,0.6900,0.6546,22.09,492.76,416.97,236.59,420.05,279.88,0.1987,14,9,1615,1386,4
43super44.BMP,33.32,2835.96,0.011612669,0.29,0.78,6.64,6.9,0.9623,0.8911,51.43,75.83,0.6782,0.6280,21.83,569.35,330,307.34,390.31,293.65,0.3275,10,12,873,724,4
super45,34.14,2822.9,0.01194943,0.3,0.8,6.64,7.22,0.9197,0.8339,53.46,76.37,0.7000,0.6163,23.67,871.23,345.67,308.33,385.23,281.77,0.2506,14,12,1018,798,4
44super46.BMP,36.07,2814.85,0.012652056,0.31,0.81,6.64,7.48,0.8877,0.8208,55.98,78.73,0.7110,0.5782,24.56,1461.4,370.35,309.23,366.13,257.85,0.2630,18,11,1358,838,4
45super47.BMP,31.25,3186.78,0.00971091,0.31,0.83,6.07,7.09,0.8561,0.7915,62.97,67.79,0.9289,0.8829,21.27,455.52,407.05,290.65,388.9,282.37,0.1182,13,11,1501,1275,4
46super48.BMP,32.56,2163.12,0.014829119,0.31,0.81,6.19,7.24,0.8550,0.7909,47.95,66.73,0.7186,0.6185,21.53,886.99,368.94,272.42,340.22,243.13,0.2469,17,7,1088,718,4
47super49.BMP,31.69,3368.39,0.009320369,0.3,0.8,6.15,7.09,0.8674,0.8027,61.18,74.6,0.8201,0.7706,20.77,531.24,351.69,274.6,376.11,308.66,0.2256,15,10,1557,1233,4
48super50.BMP,35.45,4998.38,0.007042351,0.3,0.79,6.88,7.06,0.9745,0.9056,68.81,97.35,0.7068,0.6715,21.99,770.31,355.12,286.06,347.73,288.85,0.0326,16,14,2374,2053,4
1let01.BMP,121.55,1452.77,0.077207937,0.59,0.78,8.66,23.09,0.3751,0.2903,21.63,102.72,0.2106,0.1753,103.8,336.39,399.28,296.03,414.95,302.57,0.0664,55,34,445,425,5
100let02.BMP,337.05,1197.88,0.219586561,0.59,0.82,16.63,26.83,0.6198,0.5962,31.51,85.75,0.3675,0.2074,86.83,331.51,342.21,311.69,344.1,313.15,0.0112,101,87,434,361,5
101let03.BMP,368.8,2489.58,0.129024133,0.54,0.79,21.39,22.96,0.9316,0.8908,56.15,77.48,0.7247,0.5280,93.27,429.83,299.5,328.64,341.32,329.11,0.2168,132,104,756,658,5
3let04.BMP,151.55,2001.61,0.070384923,0.62,0.82,14.22,16.12,0.8821,0.7426,49.95,65.02,0.7682,0.6028,89.94,393.02,428.97,332.94,424.88,325.09,0.0547,63,42,688,601,5
102let05.BMP,219.12,1198.01,0.154622371,0.53,0.78,12.73,22.86,0.5569,0.5339,30.79,75.56,0.4075,0.2672,66.23,245.18,382.88,266.96,392.31,255.07,0.0807,58,49,382,341,5
5let06.BMP,425.72,1697,0.200554006,0.49,0.8,21.35,28.05,0.7611,0.6889,55.21,59.08,0.9345,0.6190,122.34,327.65,331.1,264.06,318.62,282.21,0.1497,121,111,566,523,5
6let07.BMP,423.22,1674.83,0.201720645,0.58,0.77,17.75,35.32,0.5025,0.4320,34.28,91.92,0.3729,0.2524,153.71,400.91,564.73,395.02,494.63,361.64,0.3392,130,91,466,393,5
114let08.BMP,180.42,410.75,0.3051914,0.48,0.82,14.72,16.95,0.8684,0.7996,20.94,40.71,0.5144,0.3156,82.17,231.44,433.46,199.28,400.06,235.07,0.4829,49,42,118,98,5
115let09.BMP,179.98,844.18,0.17573426,0.54,0.86,13.28,18.4,0.7217,0.6769,35.77,45.75,0.7819,0.5135,73.14,287.03,195.62,297.28,205.45,297.69,0.0864,56,48,273,239,5
9let10.BMP,207.04,1348.81,0.133071954,0.46,0.73,15.17,18.57,0.8169,0.7644,30.79,73.32,0.4199,0.3195,81.87,278.2,331.44,291.78,361.03,291.87,0.1621,55,50,413,325,5
10let100.BMP,166.64,838.98,0.165708717,0.46,0.86,11.79,18.77,0.6281,0.6022,33.13,54.04,0.6131,0.3658,55.97,423.15,412.1,284.93,435.32,262.68,0.2390,54,34,360,252,5
11let11.BMP,92.75,1804.97,0.048874439,0.6,0.85,10.97,15.09,0.7270,0.5186,38.97,69.37,0.5618,0.4776,93.53,346.13,557.34,201.4,556.95,197.81,0.0209,44,29,565,449,5
105let12.BMP,221.88,1266.33,0.149091862,0.59,0.85,14.83,21.07,0.7038,0.6364,48.28,52.3,0.9231,0.5895,104.87,317.39,358.8,274.45,327.38,284.96,0.2544,65,66,432,409,5
13let13.BMP,234.72,1014.08,0.187956438,0.73,0.96,14.94,21.46,0.6962,0.6489,37.14,49.93,0.7438,0.5179,80.91,296.69,429.64,214.88,406.06,189.2,0.2804,75,47,1778,621,5
14let14.BMP,343.56,1778.16,0.16192523,0.53,0.85,17.95,26.77,0.6705,0.6104,42.5,81.62,0.5207,0.3399,101.21,456.76,423.76,273.88,383.67,257.79,0.2126,82,54,571,432,5
15let15.BMP,134.39,1463.16,0.084122563,0.58,0.86,11.74,18.04,0.6508,0.5258,27.91,84.96,0.3285,0.2581,92.29,303.72,367.19,243.43,361.03,231.95,0.0616,49,33,535,420,5
117let16.BMP,107.53,978.7,0.098993767,0.61,0.82,9.57,19.47,0.4915,0.3612,28.46,55.32,0.5145,0.4072,90.02,283.61,494.46,232.72,482.33,249.35,0.1494,54,32,328,271,5
17let17.BMP,243.92,674.03,0.265722534,0.55,0.83,14.44,23.3,0.6197,0.5721,28.41,45.2,0.6285,0.4201,83.55,276.32,428.26,236.65,379.51,260.46,0.4821,50,39,195,173,5
18let18.BMP,240.54,1352.82,0.150964001,0.51,0.79,13.92,23.38,0.5954,0.5603,27.64,95.15,0.2905,0.1903,120.79,347.04,320.54,232.29,295.06,259.42,0.1571,69,66,390,326,5
19let19.BMP,266.34,1750.73,0.132043013,0.46,0.77,17.17,21.47,0.7997,0.7357,45,67.75,0.6642,0.4856,102.2,424.89,432.38,248.85,431.18,247.23,0.0120,77,65,539,472,5
20let20.BMP,159.63,832.09,0.160962772,0.57,0.84,14.63,16.1,0.9087,0.7841,31.64,47.54,0.6655,0.4688,77.31,297.23,386.27,268.59,362.28,276.1,0.2124,46,38,278,201,5
21let21.BMP,195.83,1457.96,0.118412858,0.6,0.83,15.58,19.12,0.8149,0.6820,41.41,58.13,0.7124,0.5494,119.47,285.65,412.15,275.81,434.47,273.49,0.1550,74,65,570,528,5
22let22.BMP,163.51,1000.12,0.140517175,0.44,0.71,13.72,17.38,0.7894,0.6892,26.25,67.49,0.3889,0.2796,85.3,264.08,397.17,284.56,384.84,267.5,0.1253,64,47,299,228,5
23let23.BMP,68.64,1045.14,0.06162797,0.54,0.76,8.16,14.23,0.5734,0.4316,36.23,43.88,0.8257,0.6911,69.9,233.67,318.3,302.88,328.95,317.65,0.1667,28,13,277,259,5
24let24.BMP,132.33,766.27,0.147262408,0.36,0.69,11.38,15.91,0.7153,0.6656,30.7,44.62,0.6880,0.4900,54.03,185.83,409.53,280.03,415.52,291.25,0.1145,41,25,163,142,5
25let25.BMP,308.3,695.51,0.307129835,0.46,0.77,18.26,23.26,0.7850,0.7255,29.8,60.16,0.4953,0.2447,91.78,370.85,562.89,159.64,523.93,163.27,0.2612,73,54,222,199,5
26let26.BMP,479.39,1724.56,0.217514009,0.49,0.75,21.74,31.3,0.6946,0.6230,43.86,80.1,0.5476,0.3422,181.89,510.28,570.23,282.75,529.28,302.72,0.2284,149,111,557,492,5
27let27.BMP,171.03,1040.63,0.141153459,0.38,0.72,13.49,16.77,0.8044,0.7743,27.43,66.79,0.4107,0.2970,54.06,232.96,503.8,242.2,521.9,227.03,0.1420,33,33,223,196,5
28let28.BMP,111.35,660.56,0.144252568,0.49,0.71,11.31,13.31,0.8497,0.8003,25.21,46.93,0.5372,0.3819,52.24,175.56,438.98,206.39,434.93,213.88,0.0729,30,27,172,150,5
29let29.BMP,135.08,679.41,0.165846112,0.4,0.72,13,14.06,0.9246,0.8700,30.58,40.59,0.7534,0.5251,50.57,193.49,419.99,243.41,427.31,252.44,0.1150,38,28,166,147,5
30let30.BMP,102.95,531.62,0.162235845,0.42,0.72,9.32,15.16,0.6148,0.5703,19.8,54.5,0.3633,0.2279,48.93,198.05,491.17,233.58,502.27,237.26,0.0862,32,16,138,96,5
118let31.BMP,196.7,2524.9,0.072273663,0.53,0.82,12.5,28.07,0.4453,0.3179,41.87,95.3,0.4393,0.3540,145.77,485.36,297.79,342.97,336.25,298.9,0.2465,72,62,840,718,5
32let32.BMP,346.63,3383.92,0.092916594,0.58,0.84,19.3,28.82,0.6697,0.5314,61.69,93.99,0.6563,0.4877,187.6,670.13,309.63,426.07,317.13,392.85,0.1455,94,85,1243,1014,5
33let33.BMP,202.59,1274.41,0.137163169,0.38,0.74,13.25,20.43,0.6486,0.6180,39.26,54.56,0.7196,0.5451,64.79,223.77,387.79,253.07,385.04,231.24,0.1620,53,38,301,282,5
34let34.BMP,172.03,1178.72,0.127358875,0.53,0.82,12.25,21.06,0.5817,0.4939,29.7,76.08,0.3904,0.2593,108.51,446.12,488.44,194.28,471.97,170.31,0.1535,55,37,365,318,5
108let35.BMP,262.46,833.91,0.239389987,0.57,0.76,17.76,20.29,0.8753,0.8117,30.28,57.18,0.5296,0.3247,88.38,232.68,393.41,363.63,406.88,346.57,0.1527,81,68,222,212,5
36let36.BMP,436.81,1211.54,0.264998332,0.42,0.74,16.88,43.28,0.3900,0.2969,46.44,75.84,0.6123,0.2682,165.64,425.95,328.68,229.79,323.04,270.75,0.2189,109,118,300,269,5
37let37.BMP,140.78,1196.44,0.105278114,0.56,0.78,11.35,18.28,0.6209,0.5364,36.73,59.1,0.6215,0.4361,86.68,365.97,393.79,121.39,385.92,128.66,0.0728,52,38,334,305,5
38let38.BMP,139.03,1419.45,0.089208716,0.5,0.75,13.41,19.32,0.6941,0.4742,32.07,76.88,0.4171,0.3058,89.4,336.81,364.16,154.64,331.52,194.65,0.2697,62,40,366,314,5
39let39.BMP,131.39,2309.22,0.053834902,0.57,0.85,12.61,15.29,0.8247,0.7156,53.98,61.83,0.8730,0.7691,78.14,342.72,384.36,299.67,379.7,301.03,0.0315,61,55,958,804,5
40let40.BMP,79.03,889.52,0.081596201,0.63,0.82,8.02,14.64,0.5478,0.4695,34.43,45.51,0.7565,0.5468,60.02,376.36,371.13,289.25,380.94,284.14,0.0976,36,27,367,340,5
41let41.BMP,325.08,2694.99,0.107639889,0.48,0.84,18.71,22.7,0.8242,0.8032,62.72,70.67,0.8875,0.6871,69.64,495.78,391.6,304.09,414.27,281.37,0.1824,81,79,934,781,5
42let42.BMP,236.16,320.58,0.42418364,0.54,0.85,14.33,21.87,0.6552,0.6287,27.47,36.76,0.7473,0.3021,65.23,205.22,374.63,277.79,352.02,261.31,0.3057,49,31,135,124,5
43let43.BMP,312.31,299.28,0.510652561,0.61,0.78,16,31.11,0.5143,0.4109,16.01,30.21,0.5300,0.4175,152.09,103.16,416.91,246.69,417.5,326.94,1.0669,96,75,98,98,5
44let44.BMP,299.41,3916.86,0.071013004,0.52,0.92,17.66,22.37,0.7895,0.7618,62.3,96.32,0.6468,0.5375,78.14,353.59,379.67,295.49,408.29,293.77,0.1195,76,60,3100,1337,5
45let45.BMP,279.06,680.54,0.29080867,0.46,0.8,15,26.05,0.5758,0.5236,22.9,72.07,0.3177,0.1668,132.81,382.28,375.59,286.94,377.72,286.56,0.0121,59,46,218,181,5
46let46.BMP,226.07,1195.07,0.159076516,0.4,0.75,16.46,18.22,0.9034,0.8671,38.42,54.81,0.7010,0.5065,63.24,230.02,411.72,298.01,382.98,276.17,0.2645,54,35,270,210,5
47let47.BMP,343.75,1329.33,0.205459392,0.49,0.83,18.79,23.97,0.7839,0.7618,27.82,91.43,0.3043,0.2025,88.72,404.35,350.02,305.25,368.78,280.68,0.1358,89,80,756,322,5
48let48.BMP,259.08,1383.94,0.157685238,0.37,0.76,14.21,24.04,0.5911,0.5708,31.57,78.43,0.4025,0.2865,73.07,257.64,409.36,251.82,449.43,254.47,0.2056,68,57,682,333,5
49let49.BMP,388.52,1578.7,0.197496975,0.54,0.83,22.45,23.01,0.9757,0.9343,49.17,65.01,0.7563,0.4756,98.16,404.41,393.02,258.32,361.63,282.69,0.2455,94,82,649,424,5
50let50.BMP,178.98,525.11,0.254200457,0.41,0.69,12.02,19.94,0.6028,0.5731,26.57,42.86,0.6199,0.3640,58.44,162,416.74,287.09,414.05,289.76,0.0355,58,44,91,89,5
51let51.BMP,207.04,1343.24,0.133550068,0.46,0.73,15.17,18.57,0.8169,0.7644,30.69,73.35,0.4184,0.3179,81.87,275.19,331.44,291.78,360.9,291.69,0.1613,55,50,409,323,5
52let52.BMP,176.54,569.32,0.236693213,0.53,0.82,12.87,18.69,0.6886,0.6435,24.43,46.12,0.5297,0.3408,87.64,223.19,390.81,324.49,417.01,303.24,0.2938,69,39,167,140,5
53let53.BMP,274.98,1082.65,0.202544139,0.46,0.75,18.72,20.78,0.9009,0.8108,35.63,59.93,0.5945,0.3838,132.39,334.2,349.64,252.93,354.27,252.78,0.0310,85,73,388,329,5
54let54.BMP,157.75,550.6,0.222700642,0.56,0.84,12.58,17.87,0.7040,0.6290,23.58,43.41,0.5432,0.3720,90.99,228.56,400.22,394.22,428.29,360.64,0.4049,43,40,154,135,5
55let55.BMP,187.18,585.48,0.242254032,0.49,0.8,15.23,18.15,0.8391,0.7235,34.64,50.77,0.6823,0.2892,117.85,421.62,418.12,255.46,411.59,281.95,0.2158,62,38,235,176,5
56let56.BMP,162.57,475.95,0.254604398,0.5,0.81,12.28,18.07,0.6796,0.6339,27.05,41.07,0.6586,0.3593,71.16,254.2,448.54,351.11,435.86,351.85,0.1242,48,41,176,148,5
57let57.BMP,140.03,305.67,0.314179942,0.56,0.82,11.1,18.07,0.6143,0.5460,22.17,36.02,0.6155,0.3000,73.47,229.36,365.69,234.08,381.5,228.05,0.1887,41,29,112,81,5
58let58.BMP,123.62,302.29,0.290249114,0.53,0.82,10.99,15.2,0.7230,0.6813,16.42,42,0.3910,0.2182,55.19,183.1,327.08,331.26,378.02,320.48,0.4979,38,20,93,80,5
59let59.BMP,251.63,1445.19,0.148295046,0.42,0.82,15.43,21.5,0.7177,0.6931,40.11,64.49,0.6220,0.4424,68.34,339.22,431.87,284.55,445.11,281.53,0.0846,68,62,370,296,5
60let60.BMP,545.77,399.11,0.577607739,0.47,0.75,16.14,47.28,0.3414,0.3109,25.2,70.24,0.3588,0.1030,197.11,296.09,359.69,316.72,355.86,331.13,0.0853,146,120,118,94,5
61let61.BMP,259.64,1041.45,0.199555757,0.44,0.79,14.71,23.84,0.6170,0.5817,28.93,62.69,0.4615,0.3374,94.85,303.07,395.8,268.16,327.7,256.95,0.4421,55,53,262,249,5
62let62.BMP,394.54,481.77,0.4502288,0.43,0.73,18.29,31.92,0.5730,0.4930,28.64,50.29,0.5695,0.2425,144.62,260.92,364.17,296.09,380.51,312.09,0.1826,84,80,117,104,5
63let63.BMP,250.12,1421.2,0.149654166,0.43,0.83,15.44,21.31,0.7245,0.7013,39.57,65.76,0.6017,0.4184,63.04,328.12,323.15,257.74,330.16,251.91,0.0557,76,59,358,300,5
64let64.BMP,116.98,1086.16,0.097228918,0.53,0.79,11.65,15.28,0.7624,0.6379,33.54,56.95,0.5889,0.4264,92.23,345.34,378.13,231.1,372.9,248,0.1248,49,35,356,360,5
65let65.BMP,404.56,1181.79,0.255025688,0.47,0.79,19.21,27.53,0.6978,0.6796,34.07,72.26,0.4715,0.2882,90.27,270.32,409.33,309.52,412.09,338.38,0.1611,100,83,297,248,5
66let66.BMP,236.03,309.12,0.432963405,0.53,0.89,14.47,21.48,0.6736,0.6513,24.49,35.91,0.6820,0.3052,63.79,149.7,495.54,247.1,475.15,232.05,0.2834,63,44,110,95,5
67let67.BMP,324.33,629.25,0.340118291,0.57,0.81,18.74,23.24,0.8064,0.7646,20.9,65.94,0.3170,0.1843,93.95,259.1,409.96,208.3,426.86,236.94,0.2025,80,57,180,142,5
68let68.BMP,258.95,642.47,0.287268976,0.5,0.82,16.75,20.31,0.8247,0.7993,27.93,55.74,0.5011,0.2633,66.23,212.27,288.88,215.89,288.68,217.75,0.0135,59,47,195,188,5
69let69.BMP,683.8,780.05,0.467124364,0.62,0.82,21.22,43.81,0.4844,0.4536,30.63,82.53,0.3711,0.1458,239.01,415.99,344.35,283.41,368.9,301.13,0.1473,193,169,246,215,5
120let70.BMP,103.46,188.63,0.354205895,0.62,0.78,10.67,14.28,0.7472,0.6460,22.37,23.88,0.9368,0.4212,59.34,131.1,389.93,336.1,391.74,333.58,0.0522,34,23,61,42,5
71let71.BMP,528.68,426.97,0.553215089,0.48,0.75,25.68,28.82,0.8910,0.8104,26.54,35.03,0.7576,0.4430,169.4,213.01,462.61,339.26,463.99,274.13,0.7469,93,93,124,94,5
72let72.BMP,404.56,1141.4,0.26168853,0.47,0.74,27.51,28.9,0.9519,0.6167,37.02,66.45,0.5571,0.3291,304.48,520.4,455.63,213.16,441.36,222.39,0.1027,124,100,304,268,5
73let73.BMP,411.63,919.02,0.309345057,0.41,0.71,20.74,32.25,0.6431,0.5039,31.76,68.12,0.4662,0.2522,166.01,332.82,342,290.21,311.98,304.41,0.1958,91,108,198,218,5
74let74.BMP,481.21,1487.33,0.244450202,0.48,0.76,21.27,29.66,0.7171,0.6965,29.65,125.7,0.2359,0.1199,101.55,397.93,469.66,292.37,416.18,307.15,0.1773,122,87,316,306,5
75let75.BMP,217.31,476.7,0.313122289,0.5,0.76,14.01,21.68,0.6462,0.5887,25.73,47.23,0.5448,0.2721,92.59,237.78,407.93,298.87,405.63,295.91,0.0319,64,58,112,86,5
76let76.BMP,458.47,208.41,0.687485005,0.48,0.72,20.62,33.01,0.6247,0.5357,19.89,26.57,0.7486,0.3759,162.55,186.38,368.75,306.94,419.36,344.43,0.9520,105,76,63,56,5
77let77.BMP,356.71,603.83,0.371364024,0.42,0.69,18.91,29.65,0.6378,0.5166,39.39,47.56,0.8282,0.3399,133.06,284.99,456.84,161.72,446.05,171.87,0.1251,98,84,143,129,5
78let78.BMP,248.49,625.43,0.284339528,0.47,0.66,14.69,22.52,0.6523,0.6239,23.66,58.6,0.4038,0.2319,88.22,227.65,302.46,175.57,329.44,197.78,0.2395,87,59,111,111,5
79let79.BMP,236.78,608.02,0.280279356,0.43,0.81,15.27,20.63,0.7402,0.7084,34.01,43.29,0.7856,0.4131,79.64,287.78,300.78,329.82,286.52,340.1,0.1631,64,60,239,160,5
80let80.BMP,211.61,537.32,0.282549771,0.43,0.76,15.82,18.09,0.8745,0.8233,30.94,40.03,0.7729,0.4269,69.62,173.97,417.53,354.73,425.22,359.8,0.0924,52,41,156,145,5
81let81.BMP,201.53,884.2,0.18561705,0.45,0.75,14.78,18.27,0.8090,0.7687,33.59,52.39,0.6412,0.4102,65.05,210.87,481.89,265.06,490,263.72,0.0630,53,38,246,206,5
82let82.BMP,362.85,1226.57,0.228290823,0.44,0.83,20.02,27.58,0.7259,0.6074,45.78,58.1,0.7880,0.4626,150.45,430.16,273.41,283.34,258.38,248.14,0.2646,100,76,313,220,5
83let83.BMP,210.36,593.93,0.261547452,0.48,0.82,15.11,18.48,0.8176,0.7843,31.09,38.45,0.8086,0.5115,72.36,275.39,368.26,238.35,337.26,265.38,0.4296,47,28,163,137,5
84let84.BMP,290.83,1342.3,0.178081353,0.42,0.86,17.23,22.3,0.7726,0.7446,41.26,60.73,0.6794,0.4634,72.44,371.04,364.72,351.38,346.56,306.11,0.3226,71,52,384,327,5
85let85.BMP,220.81,418.21,0.34554474,0.42,0.77,14.51,23.44,0.6190,0.5117,29.27,35.64,0.8213,0.4192,93.91,212.37,430.39,227.91,416.48,210.31,0.2528,52,38,100,101,5
86let86.BMP,255.13,470.12,0.351782144,0.46,0.74,12.22,27.79,0.4397,0.4206,20.56,65.5,0.3139,0.1395,84.22,234.22,549.99,65.91,592.71,69.02,0.2626,57,39,134,128,5
87let87.BMP,243.36,942.31,0.205251039,0.45,0.85,16.39,20.68,0.7926,0.7245,38.25,51.24,0.7465,0.4570,72.49,365.14,465.83,307.32,451.82,287.86,0.1879,49,49,287,191,5
88let88.BMP,244.8,352.14,0.410091466,0.48,0.78,17.75,18.58,0.9553,0.9029,27.61,32.3,0.8548,0.4298,89.2,195.73,336.44,284.89,344.79,254.59,0.3908,55,42,112,73,5
89let89.BMP,339.3,3219.66,0.09533684,0.5,0.86,17.83,25.23,0.7067,0.6787,53.19,100.57,0.5289,0.4053,82.82,367.91,390.6,317.87,395.03,303.98,0.0582,87,68,1015,870,5
90let90.BMP,180.17,862.53,0.172791791,0.48,0.8,13.52,17.65,0.7660,0.7364,32.52,52.5,0.6194,0.3984,56.61,203.33,222.27,130.16,206.88,153.09,0.2113,52,40,243,186,5
91let91.BMP,312.81,965.73,0.24466188,0.46,0.77,17.57,23.5,0.7477,0.7212,24.21,79.39,0.3050,0.1951,87.18,258.79,363.7,281.57,380.51,250.67,0.1779,79,55,221,196,5
92let92.BMP,235.41,719.62,0.246494875,0.42,0.86,16.63,18.76,0.8865,0.8517,33.02,48.54,0.6803,0.3889,61.01,243.75,313.03,354.89,313.05,362.51,0.0630,69,52,246,176,5
93let93.BMP,753.19,1383.19,0.352554321,0.47,0.77,21.41,48.4,0.4424,0.4094,41.5,91.31,0.4545,0.2112,228.66,573.47,325.91,250.21,322.57,235.66,0.0657,180,170,450,359,5
121let94.BMP,126.38,627.5,0.167639412,0.37,0.67,10.21,16.76,0.6092,0.5728,32.52,35.1,0.9265,0.6485,47.44,153.07,432.48,165.04,430.9,176.95,0.1375,37,26,164,159,5
95let95.BMP,296.15,1100.57,0.212032476,0.51,0.83,15.87,24.91,0.6371,0.6077,27.99,98.13,0.2852,0.1455,93.55,368.76,308.51,368.84,310.51,373.62,0.0212,92,67,347,267,5
96let96.BMP,241.42,1486.08,0.139751085,0.42,0.79,15.58,20.48,0.7607,0.7329,42.64,69.82,0.6107,0.3881,74.58,428.15,360.45,225.96,352.37,214.51,0.0806,64,44,521,341,5
97let97.BMP,304.54,1710.28,0.151149979,0.44,0.77,17.75,22.67,0.7830,0.7545,47.63,61.04,0.7803,0.5845,73.76,264.27,425.95,298.43,426.2,263.55,0.2295,83,81,501,507,5
98let98.BMP,369.36,1917.82,0.161491444,0.53,0.81,18.91,26.07,0.7254,0.6920,47.28,74.94,0.6309,0.4348,108.65,423.61,371.52,223.69,388.18,236.86,0.1138,110,92,589,539,5
99let99.BMP,184.99,1197.63,0.133796705,0.49,0.8,13.45,21,0.6405,0.5341,20.85,100.53,0.2074,0.1509,119.64,444.61,430.47,290.64,431.08,283.71,0.0278,64,45,438,390,5
100mod01.BMP,267.34,1025.85,0.206729096,0.51,0.75,16.89,21.35,0.7911,0.7468,37.28,51.54,0.7233,0.4917,90.8,258.73,392.92,286.7,421.99,293.01,0.2318,85,60,253,231,6
101mod02.BMP,266.78,739.91,0.265007102,0.37,0.65,14,27.11,0.5164,0.4622,23.3,67.06,0.3475,0.2095,116.2,256.8,597.79,319.45,594.96,303.84,0.0950,76,64,214,206,6
102mod03.BMP,584.35,1463.6,0.285334115,0.45,0.68,21.54,41.82,0.5151,0.4254,49.35,67.9,0.7268,0.4042,201.4,372.27,494.17,258.67,544.48,252.47,0.2998,204,199,366,379,6
103mod04.BMP,490.41,659.25,0.426569594,0.46,0.74,24.96,26.21,0.9523,0.9089,32.79,62.16,0.5275,0.2172,113.58,263.12,520.81,247.7,536.61,278.69,0.2247,140,129,146,185,6
200mod05.BMP,312.18,2502.35,0.110917276,0.58,0.8,17.67,24.25,0.7287,0.6759,51.53,77.74,0.6629,0.5272,100.88,359.32,419.47,263.53,418.69,294.58,0.1605,112,102,884,813,6
105mod06.BMP,231.65,768.09,0.231710245,0.43,0.74,15.47,19.8,0.7813,0.7523,34.12,45.43,0.7510,0.4738,68.69,213.33,392.53,233.65,406.01,247.11,0.1684,75,51,193,167,6
201mod07.BMP,440.69,1164.25,0.274583474,0.58,0.83,21.91,26.63,0.8228,0.7912,46.37,56.88,0.8152,0.4582,117.94,286.98,445.16,361.11,453.97,344.19,0.1347,120,96,377,361,6
202mod08.BMP,322.58,689.06,0.318868372,0.63,0.85,18.1,24.03,0.7532,0.7113,34.35,51.79,0.6633,0.3271,115.55,374.3,370.38,296.39,365.88,294.83,0.0369,107,99,288,259,6
108mod09.BMP,148.3,455.53,0.245598927,0.49,0.8,11.37,18.38,0.6186,0.5589,18.76,46.89,0.4001,0.2638,69.19,191.17,363.92,274.11,376.27,253.23,0.2078,63,40,179,114,6
109mod10.BMP,198.02,392.03,0.335598678,0.57,0.8,13.35,19.92,0.6702,0.6354,24.68,39.57,0.6237,0.3188,64.77,166.78,412.47,256.54,411.69,271.74,0.1545,64,51,143,110,6
110mod100.BMP,126.81,241.48,0.344321051,0.46,0.8,10.3,16.58,0.6212,0.5873,18.16,33.54,0.5414,0.2733,55.84,173.88,226.98,313.66,249.59,312.46,0.2711,30,21,75,65,6
111mod11.BMP,124.25,743.6,0.143169903,0.53,0.76,13.83,18.87,0.7329,0.4443,29.76,41.54,0.7164,0.5487,126.65,329.33,426.45,278.31,395.86,269.03,0.3091,47,38,251,224,6
112mod12.BMP,178.17,749.43,0.192076326,0.43,0.74,13.4,17.79,0.7532,0.7168,27.74,54.85,0.5057,0.3172,65.25,209.81,332.68,296.34,312.68,300.16,0.1491,64,39,189,154,6
113mod13.BMP,187.06,818.07,0.18610528,0.49,0.75,15.37,16.93,0.9079,0.8310,32.64,47.27,0.6905,0.4662,98.92,247.51,485.84,249.85,472.08,262.48,0.1587,64,53,242,201,6
114mod14.BMP,263.84,246.8,0.516684944,0.43,0.74,14.96,24.32,0.6151,0.5680,27.53,32.09,0.8579,0.3052,87.08,158.11,412.28,363.46,388.75,368.18,0.3003,75,62,73,57,6
115mod15.BMP,170.97,910.25,0.158126931,0.39,0.74,11.52,19.72,0.5842,0.5598,19.38,83.12,0.2332,0.1677,60.98,253.82,426.47,249.17,366.99,246.71,0.2876,38,31,251,189,6
116mod16.BMP,57.87,332.04,0.148418866,0.43,0.65,7.19,14.39,0.4997,0.3558,15.42,34.77,0.4435,0.3497,51.76,142.08,381.47,376.94,352.11,405.43,0.4725,21,9,89,69,6
117mod17.BMP,598.44,248.74,0.706390614,0.45,0.77,17.74,45.89,0.3866,0.3618,17.16,63.46,0.2704,0.0786,144.44,263.33,203.78,149.17,180.79,178.69,0.2368,156,147,116,84,6
118mod18.BMP,249.56,887.89,0.219403051,0.41,0.75,16.77,20.44,0.8205,0.7605,36.92,53.19,0.6941,0.3996,78.43,297.99,317.3,279.7,321.36,287.53,0.0666,73,54,230,175,6
119mod19.BMP,268.91,501.06,0.349247373,0.49,0.73,16.66,22.28,0.7478,0.6897,27.69,55.17,0.5019,0.2096,93.65,239.82,452.6,99.56,439.94,106.64,0.1056,67,57,136,106,6
120mod20.BMP,256.07,269.22,0.487483105,0.48,0.75,16.4,21.45,0.7646,0.7086,20.86,45.18,0.4617,0.1679,83.09,220.04,326.95,237.49,342.81,227.07,0.1687,73,67,88,78,6
121mod21.BMP,202.34,354.46,0.363397989,0.5,0.77,16.25,17.2,0.9448,0.8708,27.02,35.47,0.7618,0.3587,82.53,212.25,465.9,221.67,455.03,204.86,0.2267,59,44,112,87,6
214mod22.BMP,246.93,1163.57,0.17506558,0.7,0.99,17.61,18.63,0.9452,0.9059,35.34,61.54,0.5743,0.3912,70.72,233.71,199.19,442.62,229.23,451.62,0.2046,72,51,15155,12049,6
123mod23.BMP,324.83,651.92,0.332562068,0.42,0.8,18.03,23.65,0.7624,0.7394,25.7,61.83,0.4157,0.2171,76.87,248.82,363.23,248.99,380.76,263.36,0.1472,74,63,196,162,6
124mod24.BMP,255.95,1086.98,0.190590723,0.4,0.79,14.26,23.65,0.6030,0.5826,26.78,83.06,0.3224,0.2006,64.95,315.66,398.48,262.59,375.09,259.55,0.1140,65,57,343,294,6
125mod25.BMP,281.75,362.53,0.437309865,0.46,0.8,15.47,24.33,0.6358,0.6060,26.04,39.16,0.6650,0.3010,79.73,312.18,424.6,273,398.2,237.99,0.4497,70,62,171,124,6
204mod26.BMP,602.39,1937.48,0.237173556,0.45,0.75,23.45,33.6,0.6979,0.6794,32.97,116.3,0.2835,0.1824,119.36,395.26,426.37,339.88,368.04,278.25,0.2930,105,98,553,438,6
127mod27.BMP,134.27,778.61,0.147083954,0.51,0.73,14.45,20.09,0.7193,0.4236,35.23,39.71,0.8872,0.6287,156.21,284.46,264.35,143.78,280.01,168.26,0.2939,52,45,237,197,6
128mod28.BMP,152.93,1369.6,0.100444655,0.51,0.76,14.96,21.15,0.7073,0.4353,45.76,53.07,0.8623,0.6192,138.82,588.61,367.17,276.83,364.95,279.57,0.0267,83,62,507,413,6
129mod29.BMP,575.21,1225.31,0.31946882,0.48,0.72,24.81,33.05,0.7507,0.6705,46.62,65.36,0.7133,0.3652,228.44,431.21,499.01,331.15,480.84,318.76,0.1351,166,128,392,307,6
130mod30.BMP,840.92,129.07,0.866936773,0.44,0.74,25.34,43.64,0.5807,0.5622,10.32,48.67,0.2120,0.0694,137.56,111.79,529.7,188.63,493.51,141.15,0.4926,203,206,28,36,6
131mod31.BMP,152.18,294.84,0.340432195,0.5,0.79,12.23,17.42,0.7021,0.6385,25.78,33.08,0.7793,0.3431,76.37,199.96,394.79,301.11,392.95,298.21,0.0417,50,32,92,87,6
132mod32.BMP,165.2,258.08,0.39028539,0.46,0.75,13.63,16.63,0.8196,0.7606,25.07,33.93,0.7389,0.2854,69.01,167.92,337.9,261.14,356.16,267,0.2270,42,41,80,82,6
205mod33.BMP,217.12,603.14,0.26469656,0.68,0.83,16.17,22.87,0.7070,0.5285,27.44,42.34,0.6481,0.4284,137.22,247.93,402.34,439.84,383.16,411.64,0.3235,80,65,193,164,6
134mod34.BMP,208.1,622.61,0.250508601,0.49,0.76,14.76,20.65,0.7148,0.6214,34.26,40.31,0.8499,0.4879,91.21,281.22,628.65,303.1,621.34,308.88,0.0928,66,52,174,152,6
135mod35.BMP,253.07,823.64,0.235040076,0.42,0.73,18.25,19.13,0.9540,0.8805,23.14,80.61,0.2871,0.1614,103.27,279.67,368.17,292.35,298.76,307.53,0.3540,81,51,202,185,6
136mod36.BMP,245.24,233.84,0.511897804,0.46,0.79,17.46,18.54,0.9417,0.9084,27.2,29.89,0.9100,0.3333,64.25,149,300.14,389.37,299.51,367.4,0.2953,70,44,75,62,6
137mod37.BMP,163.64,640.02,0.203618446,0.51,0.77,14.35,17.9,0.8017,0.6503,28.77,52.47,0.5483,0.2960,116.02,344.87,229.14,213.08,255.26,216.38,0.2015,53,44,216,178,6
138mod38.BMP,320.32,253.5,0.558223833,0.43,0.7,16.4,26.07,0.6291,0.6001,25.22,33.23,0.7590,0.2923,103.73,188.38,451.02,129.98,451.59,97.1,0.3974,92,70,82,78,6
139mod39.BMP,271.16,710.54,0.27621473,0.48,0.73,13.99,25.64,0.5456,0.5252,31.79,50.82,0.6255,0.3503,74.39,207.87,320.49,287.49,302.74,292.06,0.1448,94,52,214,203,6
140mod40.BMP,263.96,840.86,0.238916747,0.56,0.77,13.89,26.48,0.5245,0.4793,27.22,66.17,0.4114,0.2445,126.63,298.21,410.3,296.73,387.62,292.95,0.1396,79,67,247,219,6
215mod41.BMP,383.01,1278.48,0.230522001,0.6,0.95,20.79,24.31,0.8552,0.8252,38.68,66.65,0.5803,0.3664,73.16,250.36,336.49,273.3,385.55,287.58,0.3079,99,77,3158,589,6
207mod42.BMP,204.53,673.03,0.233066685,0.71,0.9,16.92,17.3,0.9780,0.8701,29.28,47.58,0.6154,0.3785,86.94,321.51,315.3,257.16,312.25,273.45,0.1399,82,50,373,320,6
143mod43.BMP,389.65,1210.1,0.243569308,0.34,0.67,19.52,28.51,0.6847,0.6104,38.16,66.15,0.5769,0.3521,126.29,288.06,294.08,279.56,309.78,273.63,0.1019,138,115,288,278,6
213mod44.BMP,175.85,1282.24,0.120602981,0.33,0.74,14.58,16.2,0.9000,0.8531,40.01,65.16,0.6140,0.3845,51.81,259.59,401.53,285.18,377.18,308.85,0.2093,62,46,364,281,6
145mod45.BMP,791.26,2061.54,0.277362591,0.65,0.85,29.87,36.12,0.8270,0.7722,43.8,92.39,0.4741,0.3075,180.95,443.65,467.91,262.61,378.77,280.56,0.3953,256,221,903,839,6
146mod46.BMP,373.81,914.63,0.290126044,0.52,0.79,18.02,27.21,0.6623,0.6428,31.32,74.43,0.4208,0.2102,78.74,284.47,400.62,253.93,391.11,267.13,0.0878,96,74,270,263,6
147mod47.BMP,311.06,1015.9,0.234415506,0.46,0.77,13.73,30.89,0.4445,0.4151,34.95,62.15,0.5623,0.3349,87.53,306.13,315.03,233.9,269.11,241.19,0.3004,93,61,389,306,6
148mod48.BMP,283.75,421.21,0.402505107,0.43,0.78,17.81,20.92,0.8513,0.8255,29.51,34.77,0.8487,0.4436,65.65,179.87,373.2,252.91,387.59,221.52,0.3988,64,47,148,110,6
149mod49.BMP,277.05,480.14,0.365892312,0.43,0.79,17.43,20.92,0.8332,0.8060,32.36,41.52,0.7794,0.3546,67.85,206.63,399.23,264.12,404.46,266.41,0.0552,76,48,145,127,6
150mod50.BMP,364.16,484.03,0.429337766,0.5,0.81,19.33,24.69,0.7829,0.7606,33.08,54.41,0.6080,0.2082,75.75,257.51,377.11,246.44,384.57,244.65,0.0566,86,75,156,134,6
151mod51.BMP,87.11,698.89,0.110826972,0.52,0.72,11.26,16.29,0.6912,0.4180,28.81,39.65,0.7266,0.5660,88.33,248.84,372.09,290.42,357.41,299.17,0.1731,53,34,228,204,6
209mod52.BMP,336.36,726.45,0.316481779,0.62,0.87,20.84,21.53,0.9680,0.9239,37.68,46.77,0.8056,0.4228,104.42,280.6,217.26,175.19,209.43,196.24,0.1929,115,98,310,289,6
210mod53.BMP,264.53,388.15,0.405298155,0.62,0.85,16.46,21.8,0.7550,0.7087,28.91,39.98,0.7231,0.3092,80.33,189.75,532.36,129.06,518.92,122.81,0.1489,69,67,135,86,6
154mod54.BMP,242.42,639.84,0.274771609,0.48,0.77,15.72,20.85,0.7540,0.7100,27.6,45.89,0.6014,0.3869,99.69,240.88,278.23,301.39,266.1,271.74,0.2804,74,70,191,156,6
155mod55.BMP,332.35,361.78,0.478800801,0.51,0.77,15.66,33.67,0.4651,0.3733,21.48,53.86,0.3988,0.1588,98.79,217.7,358.19,220.26,347.3,229.16,0.1049,99,62,90,92,6
156mod56.BMP,154.12,299.91,0.339448935,0.54,0.78,10.15,20.44,0.4966,0.4697,19.95,38.55,0.5175,0.2570,56.79,151.78,393.69,294.45,410.55,286.55,0.1940,59,38,76,62,6
157mod57.BMP,118.11,306.23,0.278338125,0.51,0.75,10.59,15.84,0.6686,0.5994,19.63,32.04,0.6127,0.3798,59,153.87,407.26,316.43,426.13,302.2,0.2962,44,24,100,94,6
158mod58.BMP,176.04,272.17,0.392762321,0.41,0.78,12.29,19.3,0.6368,0.6017,19.66,38.88,0.5057,0.2292,54.59,195.02,432.07,259.02,436.23,284.33,0.2649,53,30,89,65,6
159mod59.BMP,191.51,310.87,0.381205462,0.48,0.79,13.66,18.73,0.7293,0.6951,26.14,35.76,0.7310,0.3095,71.26,188.27,392.27,257.1,386.54,250.62,0.0971,48,33,101,85,6
160mod60.BMP,151.74,849.13,0.151608101,0.46,0.79,14.08,16.37,0.8601,0.7210,33.69,47.61,0.7076,0.4770,93.73,346.4,314.99,262.85,304.15,271.24,0.1156,39,32,325,214,6
161mod61.BMP,135.83,714.61,0.159717323,0.5,0.73,11.75,18.65,0.6300,0.4972,31.28,40.7,0.7686,0.5493,108.08,233,386.8,223.11,403.1,234.56,0.1966,48,39,207,169,6
162mod62.BMP,191.01,296.03,0.392185447,0.44,0.77,11.37,22.34,0.5090,0.4873,16.68,51.78,0.3221,0.1406,76.08,200.72,332.21,212.26,338.16,218.83,0.0687,33,26,73,54,6
163mod63.BMP,208.79,344.44,0.377401804,0.43,0.8,10.93,25.6,0.4270,0.4056,23.53,41.5,0.5670,0.2546,74.99,200.36,342.14,293.41,361.81,284.89,0.2074,47,36,120,75,6
164mod64.BMP,280.31,574.96,0.327744455,0.43,0.82,16.9,21.82,0.7745,0.7496,31.71,50.36,0.6297,0.2887,74.9,319.98,400.78,344.25,416.22,307.76,0.3160,76,54,206,144,6
165mod65.BMP,406.37,1241.16,0.246654082,0.45,0.73,17.74,33.62,0.5277,0.4578,47.27,54.01,0.8752,0.5417,129.4,295.12,363.08,282.95,359.48,256.79,0.1964,114,104,308,294,6
166mod66.BMP,212.05,554.98,0.27645594,0.42,0.76,11.44,26.03,0.4395,0.3985,20.35,67.64,0.3009,0.1544,92.68,253.13,372.73,329.94,406.47,351.43,0.2375,63,45,160,137,6
167mod67.BMP,227.33,383.7,0.372043926,0.45,0.74,11.53,26.6,0.4335,0.4091,15.14,61.13,0.2477,0.1307,84.29,189.03,406.6,271.8,418.11,295.92,0.1756,63,42,102,107,6
168mod68.BMP,282.31,397.04,0.41555899,0.5,0.8,14.68,25.43,0.5773,0.5558,19.88,46.85,0.4243,0.2303,83.27,205.66,293.4,202.94,247.02,231.04,0.4649,66,56,129,121,6
169mod69.BMP,254.57,1105.26,0.187207224,0.47,0.79,16.03,23.17,0.6918,0.6038,27.3,74.24,0.3677,0.2553,104.47,322,432.77,209.46,388.48,224.95,0.2538,77,56,396,333,6
170mod70.BMP,183.93,377.25,0.3277558,0.46,0.76,12.49,21.94,0.5693,0.4865,19.91,36,0.5531,0.3706,100.37,211.47,286.49,246.48,324.56,269.52,0.4964,63,47,133,101,6
171mod71.BMP,280.87,322.08,0.465826354,0.46,0.8,15.76,24.7,0.6381,0.5862,19.82,52.09,0.3805,0.1511,97.01,212.01,383.87,180.21,379.39,196.54,0.1306,71,56,110,95,6
172mod72.BMP,230.83,460.48,0.333902301,0.48,0.8,16.89,18.78,0.8994,0.8333,25.81,47.65,0.5417,0.2582,78.96,203.3,288.77,213.56,285.19,209.08,0.0483,55,46,125,147,6
173mod73.BMP,338.17,733.08,0.315677946,0.42,0.73,17.58,25.77,0.6822,0.6484,27.27,63.62,0.4286,0.2306,119.3,271.87,363.95,248.26,402.68,250.37,0.2448,92,86,206,194,6
174mod74.BMP,181.24,254.82,0.415630876,0.42,0.75,12.61,19.61,0.6430,0.6001,23.31,38.59,0.6040,0.2179,58.19,166.07,458.46,226.73,477.49,244.48,0.2708,38,33,89,62,6
175mod75.BMP,96.69,687.74,0.123261476,0.54,0.75,12.22,15.46,0.7904,0.5151,25.8,45.98,0.5611,0.4142,105.5,292.73,405.41,253.22,382.74,262.37,0.2135,22,27,248,181,6
176mod76.BMP,273.79,1223.18,0.182896117,0.47,0.73,17.98,20.83,0.8632,0.8034,37.61,60.57,0.6209,0.4245,105.17,298.4,385.77,243.08,375.18,258.24,0.1226,81,71,324,284,6
177mod77.BMP,253.75,585.54,0.302338882,0.47,0.74,17.34,19.41,0.8934,0.8576,28.39,47.42,0.5987,0.3315,76.46,280.23,275.41,268.56,306.83,257.58,0.2819,74,48,150,140,6
178mod78.BMP,241.04,1260.13,0.16056809,0.46,0.73,17.49,20.03,0.8732,0.7650,37.93,59.23,0.6404,0.4573,129.42,302.67,334.63,275.52,325.77,288.93,0.1090,83,59,325,319,6
179mod79.BMP,574.02,318.51,0.643138046,0.48,0.75,22.66,38.76,0.5846,0.4865,31.59,54.62,0.5784,0.1359,169.12,304.18,375.86,282.23,390.69,279.78,0.1105,128,123,114,102,6
180mod80.BMP,171.34,365.1,0.319401983,0.41,0.79,13.65,16.89,0.8082,0.7647,27.78,32.42,0.8569,0.4423,59.78,192.31,438.39,270.19,419.55,261.03,0.2595,48,48,153,109,6
181mod81.BMP,185.74,578.59,0.243010218,0.42,0.78,14.09,18.53,0.7604,0.6888,28.21,43.07,0.6550,0.3971,77.59,209.78,255.85,233.27,270.46,235.28,0.1375,59,52,159,163,6
182mod82.BMP,176.85,501.18,0.260829167,0.47,0.8,14.42,16.94,0.8512,0.7847,25.04,46.97,0.5331,0.2892,80.75,231.81,526.63,363.59,508.66,374.74,0.1808,56,43,161,149,6
183mod83.BMP,139.47,334.23,0.294426852,0.43,0.79,10.82,17.39,0.6222,0.5872,18.5,41.27,0.4483,0.2499,50.85,165.75,218.02,245.07,244.28,239.95,0.2604,35,34,97,94,6
184mod84.BMP,132.7,412.07,0.243589038,0.43,0.74,10.63,16.8,0.6327,0.5986,23.25,36.95,0.6292,0.3843,54.12,168,287.33,277.41,281.77,296.4,0.2151,35,23,86,111,6
185mod85.BMP,251.69,277.05,0.476018459,0.47,0.75,13.05,26.41,0.4941,0.4595,17.92,56.58,0.3167,0.1102,98.21,244.45,441.45,299.68,424.01,295.5,0.1273,76,52,99,96,6
186mod86.BMP,364.66,1590.16,0.18654403,0.38,0.79,18.99,25.44,0.7465,0.7174,52.38,63.12,0.8298,0.5082,84.45,328.9,358.05,289.05,348.45,270.68,0.1319,93,82,361,342,6
187mod87.BMP                        1,253.12,398.48,0.388459177,0.55,0.77,32.96,51.95,0.6345,0.1194,14.03,68.37,0.2052,0.1085,234.97,182.46,371.69,277.81,394.61,334.47,0.3590,369,331,81,83,6
188mod88.BMP,130.89,635.33,0.170825611,0.47,0.74,11.71,16.7,0.7012,0.5976,21.91,60.23,0.3638,0.2230,90.46,310.6,262.64,261.09,293,293.48,0.2960,40,46,215,185,6
189mod89.BMP,327.4,520.03,0.386344595,0.42,0.75,19.58,22.16,0.8836,0.8489,29.84,48.06,0.6209,0.2867,92.35,214.93,418.32,246.26,413.58,211.92,0.2897,69,58,151,131,6
190mod90.BMP,179.86,185.93,0.49170289,0.45,0.75,14.69,17.01,0.8636,0.7915,22.89,32.71,0.6998,0.2213,73.44,161.93,241.14,332.81,249.57,326.65,0.1282,53,47,61,59,6
191mod91.BMP,111.6,279.74,0.285174017,0.46,0.71,9.91,16.95,0.5847,0.4946,18.39,37.72,0.4875,0.2503,71.66,229.91,423.4,235.76,402.25,234.89,0.2254,32,31,113,78,6
192mod92.BMP,161.88,300.03,0.350457881,0.36,0.82,12.19,17.64,0.6910,0.6624,23.96,31.01,0.7727,0.3973,50.88,180.85,498.21,473.37,519.12,444.57,0.4609,41,29,94,75,6
211mod93.BMP,216.31,319.2,0.4039327,0.41,0.8,13.16,22.58,0.5828,0.5402,20.04,39.19,0.5114,0.2646,94.98,195.28,369.19,291.18,396.18,248.19,0.5202,56,46,96,61,6
194mod94.BMP,281.69,350.38,0.445662664,0.49,0.76,15.77,24.52,0.6431,0.5965,25.77,39.55,0.6516,0.2852,97.41,217.3,328.01,249.13,323.9,280.9,0.3253,59,47,106,113,6
195mod95.BMP,284.63,1172.02,0.195400405,0.41,0.76,17.21,21.78,0.7902,0.7640,40.98,55.2,0.7424,0.4897,67.84,236.42,395.25,260.82,400.64,247.89,0.1019,68,54,243,257,6
196mod96.BMP,200.02,506.7,0.283025809,0.46,0.81,15.14,18.1,0.8365,0.7774,31.46,50.12,0.6277,0.2568,78.9,363.74,330.85,277.43,346.28,263.43,0.1669,61,38,208,136,6
197mod97.BMP,222.44,347.25,0.390457968,0.46,0.77,13.78,21.79,0.6324,0.5965,20.5,50.31,0.4075,0.1747,82.19,226,441.25,281.65,448.75,276.06,0.0747,56,47,117,97,6
198mod98.BMP,185.62,430.48,0.301282259,0.37,0.68,12.47,19.73,0.6320,0.6071,27.66,38.1,0.7260,0.3776,55.53,156.28,427.18,272.33,425.43,281.33,0.0966,47,30,108,99,6
199mod99.BMP,242.29,267.03,0.475712715,0.43,0.81,14.45,22.44,0.6439,0.6126,24.31,35.03,0.6940,0.2771,68.48,233.91,348.46,315.75,382.97,314.67,0.3958,61,62,99,82,6
1svar01.BMP,239.85,428.79,0.358713209,0.41,0.69,15.65,20.12,0.7778,0.7544,26.93,40.87,0.6589,0.3268,58.21,164.41,436.36,311.68,424.65,296.83,0.1858,68,67,116,126,7
1svar02.BMP,154.75,482.59,0.242806038,0.53,0.74,14.47,15.03,0.9627,0.8722,30.01,33.45,0.8972,0.5492,75.09,180.03,404.42,260.99,394.51,247.91,0.1970,48,46,125,98,7
2svar03.BMP,217.93,996.3,0.17948,0.37,0.71,16.04,17.98,0.8921,0.8583,37.74,48.99,0.7704,0.5285,55.68,213.51,470.32,257.72,461.19,279.77,0.1956,66,61,235,221,7
3svar04.BMP,227.45,627.12,0.266157249,0.42,0.73,10.44,29.43,0.3547,0.3344,15.34,86.32,0.1777,0.1072,73.53,238.24,420.03,293.61,375.39,291.55,0.2079,60,41,157,142,7
4svar05.BMP,374.5,201.96,0.64965479,0.32,0.69,19.98,25.04,0.7979,0.7605,25.37,44.7,0.5676,0.1287,97.17,195.54,381.86,286.39,395.53,284.33,0.1242,105,87,60,55,7
5svar06.BMP,825.14,245.24,0.770885106,0.31,0.67,26.22,44.73,0.5862,0.5251,37.14,59.09,0.6285,0.0894,163.79,340.52,406.45,306.89,430.8,279.67,0.2482,179,177,98,74,7
6svar07.BMP,200.4,609.65,0.247392136,0.35,0.71,15.48,17.46,0.8866,0.8370,35.6,49,0.7265,0.3233,60.81,220.67,357.44,253.85,374.89,260.67,0.1536,47,32,129,98,7
7svar08.BMP,366.29,176.54,0.674778476,0.31,0.66,19.66,25.33,0.7762,0.7269,14.66,41.29,0.3550,0.1318,101.98,114.21,383.33,294.45,415.67,298.82,0.3174,94,81,37,35,7
8svar09.BMP,306.36,393.78,0.437569629,0.31,0.72,15.62,27.75,0.5629,0.5065,26.31,44.02,0.5977,0.2587,95.55,227.6,414.59,234.38,389.93,264.28,0.3536,62,68,93,88,7
9svar10.BMP,158.44,570.51,0.217353728,0.32,0.68,9.98,21.16,0.4716,0.4506,19.82,83,0.2388,0.1054,58.11,255.76,438.8,310.75,395.7,298.77,0.2165,33,33,156,104,7
10svar100.BMP,173.91,264.71,0.396493548,0.53,0.76,14.62,16.04,0.9115,0.8606,26.17,28.61,0.9147,0.4118,66.54,151.12,423.72,152.75,441.49,148.66,0.2560,62,48,59,44,7
11svar11.BMP,210.61,623.43,0.252517865,0.36,0.69,16.55,18.05,0.9169,0.8231,25.19,52.92,0.4760,0.2834,79.94,206.2,448.75,258.11,433.85,265.57,0.1265,70,60,137,143,7
12svar12.BMP,220.19,880.38,0.200069055,0.4,0.77,14.27,20.59,0.6931,0.6613,39.65,43.63,0.9088,0.5889,73.41,245.07,457.32,304.41,459.99,307.57,0.0381,49,48,208,173,7
13svar13.BMP,274.23,500.31,0.35405531,0.32,0.74,14.94,26.47,0.5644,0.4983,25.28,46.72,0.5411,0.2918,124.31,358.29,426.32,277.62,411.38,245.03,0.3082,70,80,188,127,7
14svar14.BMP,749.12,257.07,0.744511474,0.31,0.69,22.3,44.97,0.4959,0.4716,18.45,26.47,0.6970,0.4671,139.87,129.17,471.93,317.44,400.3,296.51,1.1322,211,206,70,61,7
100svar15.BMP,430.61,167.15,0.720372725,0.38,0.54,21.91,28,0.7825,0.6993,14.85,31.5,0.4714,0.2145,160.66,113.32,400.93,257.54,435.93,290.36,0.6117,95,90,37,36,7
16svar16.BMP,344.5,468.75,0.423608976,0.39,0.74,16.25,28.84,0.5635,0.5274,21.35,52.35,0.4078,0.2178,106.13,199.97,400.1,326.18,355.6,323.13,0.3422,83,76,110,96,7
17svar17.BMP,264.96,446.01,0.372673952,0.47,0.82,16.91,21.11,0.8010,0.7570,21.82,55.24,0.3950,0.1861,74.89,202.88,369.06,265.66,379.81,253.88,0.1159,74,53,107,94,7
18svar18.BMP,195.51,399.92,0.32835094,0.45,0.71,12.64,21.81,0.5796,0.5233,26,39.94,0.6510,0.3192,68.39,167.65,422.42,245.74,409.74,252.8,0.1459,53,38,83,89,7
19svar19.BMP,92.12,545.9,0.144384189,0.51,0.72,8.73,15.81,0.5522,0.4692,28.52,33.52,0.8508,0.6186,57.78,194.67,404.24,293.27,408.58,318.9,0.3114,43,29,147,145,7
101svar20.BMP,181.55,188.19,0.491020717,0.65,0.87,13.51,17.95,0.7526,0.7174,15.73,35.28,0.4459,0.1925,61.92,155.8,375.56,261.22,399.47,293.07,0.4534,65,35,96,66,7
21svar21.BMP,226.64,316.88,0.416985576,0.45,0.8,16.9,17.81,0.9489,0.9097,25.01,38.34,0.6523,0.2745,73.06,193.68,377.75,280.49,391.23,261.54,0.2436,61,45,88,79,7
22svar22.BMP,279.43,277.99,0.501291665,0.4,0.78,12.11,30.48,0.3973,0.3830,14.58,52.22,0.2792,0.1298,77.86,171.36,437.12,309.62,386.84,277.96,0.4570,67,56,94,92,7
23svar23.BMP,355.77,887.89,0.286066931,0.44,0.75,19.2,24.67,0.7783,0.7443,33.03,52.57,0.6283,0.4091,93.95,287.85,412.23,314.4,458.94,289.75,0.4035,93,73,285,251,7
24svar24.BMP,163.89,554.48,0.228141487,0.52,0.75,10.23,25.22,0.4056,0.3281,21.27,50.55,0.4208,0.2763,92.42,243.02,365.3,257.56,399.28,271.9,0.2930,71,48,170,143,7
25svar25.BMP,93.06,375.31,0.198689071,0.52,0.73,9.51,16.3,0.5834,0.4460,21.05,36.95,0.5697,0.3500,64.28,166.29,377.11,263.82,386.79,269.14,0.1201,33,18,102,117,7
26svar26.BMP,249.56,756.88,0.247963118,0.52,0.77,14.36,24.68,0.5818,0.5217,32.58,43.79,0.7440,0.5026,108.2,264.03,357.36,260.93,327.38,283.47,0.3440,77,60,217,188,7
27svar27.BMP,80.79,1005,0.074406653,0.55,0.79,10.88,12.07,0.9014,0.7061,31.37,48.75,0.6435,0.5384,74.35,313.64,280.86,283.99,276.74,306.88,0.1916,36,28,394,341,7
102svar28.BMP,212.42,164.83,0.563074884,0.62,0.85,12.75,22.29,0.5720,0.5444,24.48,30.95,0.7910,0.2191,65.41,147.69,387.04,299,394.41,306.95,0.1407,62,50,63,65,7
29svar29.BMP,72.46,307.93,0.190488709,0.55,0.77,7.23,15.95,0.4533,0.3626,15.06,37.56,0.4010,0.2779,52.4,163.16,305.51,258.76,318.48,269.29,0.1786,30,23,94,79,7
30svar30.BMP,93.5,336.04,0.217674722,0.52,0.79,10.51,14.99,0.7011,0.5298,21.38,32.11,0.6658,0.4150,72.54,181.18,338.54,270.99,342.29,251.96,0.2426,55,31,100,105,7
31svar31.BMP,124.62,300.03,0.293465207,0.51,0.8,12.08,14.22,0.8495,0.7847,22.16,29.62,0.7481,0.4354,61.55,140.21,371.63,314.75,388.03,302.17,0.2802,54,37,94,73,7
32svar32.BMP,114.48,230.58,0.331768388,0.49,0.81,8.71,17.7,0.4921,0.4653,15.43,41.58,0.3711,0.1698,54.5,167.57,388.26,220.39,373.04,235.24,0.2054,42,30,75,71,7
103svar33.BMP,194.7,304.54,0.389992789,0.61,0.85,14.87,17.5,0.8497,0.8095,28.52,31.45,0.9068,0.3920,56.65,167.2,357.27,213.05,342.39,218.04,0.2004,51,41,107,95,7
104svar34.BMP,204.22,428.16,0.322938739,0.64,0.82,14.69,24.56,0.5981,0.4311,28.63,36.75,0.7790,0.4036,85.29,216.72,426.08,295.98,416.5,292.2,0.1125,101,62,128,139,7
35svar35.BMP,114.67,1057.35,0.097839627,0.54,0.79,11.43,15.43,0.7408,0.6132,25.64,71.19,0.3602,0.2656,100.67,340.84,338.53,297.76,321.9,285.6,0.1162,49,36,362,336,7
105svar36.BMP,257.64,397.92,0.393007505,0.6,0.87,16.18,20.89,0.7745,0.7517,22.88,46.9,0.4878,0.2303,62.04,173.46,392.76,283,401.39,304.65,0.1996,100,74,119,121,7
37svar37.BMP,233.34,1017.34,0.186570506,0.52,0.83,14.62,22.61,0.6466,0.5812,30.14,70.4,0.4281,0.2614,99.93,280.48,365.16,274.18,377.49,277.9,0.0735,69,66,344,310,7
106svar38.BMP,355.14,889.14,0.285418073,0.65,0.89,21.9,22.44,0.9759,0.8980,40.49,49.05,0.8255,0.4705,118.92,268.44,337.8,175.94,329.73,198.98,0.1999,115,91,346,316,7
107svar39.BMP,259.45,431.23,0.375644293,0.62,0.85,15.92,21.84,0.7289,0.6926,29.09,43.06,0.6756,0.2961,63.98,182.56,401.99,260.33,395.33,252.57,0.0954,82,64,141,126,7
40svar40.BMP,242.04,296.28,0.449621043,0.5,0.78,14.05,23.48,0.5984,0.5590,25.54,36.66,0.6967,0.2807,77.11,181.59,369.89,275.22,393,279.17,0.2568,90,69,85,75,7
108svar41.BMP,87.36,190,0.314969714,0.67,0.82,8.85,16.98,0.5212,0.3858,15.45,29.73,0.5197,0.2737,64.89,148.27,381.25,214.15,393.69,191.74,0.3462,37,23,71,59,7
42svar42.BMP,80.66,565.88,0.124756396,0.53,0.76,9.86,11.76,0.8384,0.7426,24.36,43.66,0.5579,0.3780,49.27,192.39,434.99,245.21,428.68,244.82,0.0582,36,29,188,163,7
43svar43.BMP,170.84,523.1,0.246188431,0.5,0.77,13.88,16.5,0.8412,0.7990,24.83,49.16,0.5051,0.2756,59.79,183.36,352.91,324.69,338.82,331.02,0.1262,51,51,141,147,7
44svar44.BMP,140.28,528.18,0.209855489,0.46,0.8,11.06,17.33,0.6382,0.5947,26.01,40.7,0.6391,0.4060,55,181.76,512.69,344.01,514.53,325.76,0.1810,48,36,183,151,7
45svar45.BMP,176.23,394.97,0.30852591,0.48,0.74,14.19,16.62,0.8538,0.8123,25.97,33.64,0.7720,0.4444,58.79,156.15,537.9,298.08,506.66,301.87,0.3757,52,41,95,107,7
46svar46.BMP,134.08,652.8,0.170394469,0.54,0.8,8.66,26.37,0.3284,0.2455,23.96,47.2,0.5076,0.3731,100.13,235.38,432.11,317.03,389.01,308.91,0.3732,56,45,203,179,7
47svar47.BMP,70.77,360.72,0.164013071,0.55,0.81,8.46,12.17,0.6952,0.6084,19.26,34.47,0.5587,0.3865,46.77,159.94,406.85,296.65,412.6,304.14,0.1100,36,19,104,87,7
48svar48.BMP,166.96,515.4,0.244680227,0.53,0.76,13.63,24.45,0.5575,0.3556,22.7,42.85,0.5298,0.3574,125.63,238.17,421.42,290.97,394.68,289.86,0.2508,71,55,150,118,7
109svar49.BMP,291.02,422.22,0.408025349,0.62,0.87,17.58,21.79,0.8068,0.7804,21.88,60.92,0.3592,0.1449,68.15,211.09,383.86,279.65,390.65,260.73,0.1325,83,71,159,152,7
110svar50.BMP,396.29,435.87,0.476218516,0.61,0.88,21.82,23.7,0.9207,0.8983,32.2,51.07,0.6305,0.2128,78.29,242.53,381.23,218.28,392.19,229.84,0.1253,109,100,178,157,7
111svar51.BMP,270.35,150.42,0.642512537,0.6,0.84,15.54,23.27,0.6678,0.6357,26.2,35.78,0.7323,0.1496,72.38,164.19,410.27,289.38,407.06,292.32,0.0489,63,38,66,52,7
52svar52.BMP,240.54,291.39,0.452202357,0.5,0.77,14.59,23,0.6343,0.5790,23.6,41.32,0.5712,0.2173,90.52,203.22,383.28,208.39,369.88,211.07,0.1328,65,50,83,69,7
53svar53.BMP,211.86,278.18,0.432332055,0.49,0.8,14.77,19.27,0.7665,0.7264,25.47,33.88,0.7518,0.3086,68.79,137.35,397.64,291.53,396.43,268.76,0.2703,73,53,65,73,7
112svar54.BMP,264.65,174.53,0.602600301,0.6,0.85,15.37,22.88,0.6718,0.6437,18.63,44.19,0.4216,0.1138,79.39,160.93,423.39,277.58,422.77,254.59,0.2090,86,64,64,54,7
113svar55.BMP,338.3,212.05,0.614699737,0.6,0.82,17.06,26.42,0.6457,0.6171,25.42,44.74,0.5682,0.1349,88.1,161.29,358.68,282.42,354.01,270.56,0.1144,96,83,65,87,7
56svar56.BMP,197.52,392.16,0.334961335,0.51,0.82,12.44,21.41,0.5810,0.5486,30.46,34.86,0.8738,0.4109,73.71,172.57,449.22,298.36,446.68,286.21,0.1430,65,54,99,119,7
57svar57.BMP,162.26,123.06,0.568694799,0.48,0.8,11.89,18.29,0.6501,0.6176,16.63,24.74,0.6722,0.2560,59.11,124.44,365.3,340.02,375.32,319.2,0.3751,41,33,50,41,7
58svar58.BMP,158.88,174.35,0.476787804,0.49,0.83,13.29,16.08,0.8265,0.7824,17.93,31.24,0.5739,0.2275,49.01,134.43,397.66,262.06,388.66,282.66,0.2890,60,48,61,43,7
59svar59.BMP,128.76,166.21,0.436518968,0.46,0.81,11.46,15.03,0.7625,0.7257,19.13,25.3,0.7561,0.3306,50.92,121.68,224.03,356.15,215.71,336.26,0.3422,45,30,51,59,7
60svar60.BMP,109.53,144.91,0.430474768,0.48,0.77,10.3,14.41,0.7148,0.6716,19.71,23.25,0.8477,0.3413,42.05,108.43,122.51,307.14,136.81,300.21,0.2745,35,35,34,29,7
61svar61.BMP,79.22,155.18,0.337969283,0.56,0.78,9.75,12.99,0.7506,0.5978,17.45,22.83,0.7643,0.3791,65.83,132.15,418.43,224.03,419.27,230.49,0.1146,31,29,43,43,7
62svar62.BMP,130.89,347.69,0.273496594,0.51,0.79,10.53,16.99,0.6198,0.5773,26.29,27.5,0.9560,0.5854,58.61,145.47,292.5,360.06,274.4,342.66,0.3667,41,36,84,81,7
63svar63.BMP,160.76,181.55,0.469632789,0.48,0.77,11.73,18.8,0.6239,0.5791,19.22,26.68,0.7204,0.3247,62.6,146.35,234.91,439.17,264.95,428.03,0.4823,67,45,55,53,7
64svar64.BMP,109.41,358.28,0.23393701,0.55,0.73,10.47,17.55,0.5966,0.4523,22.29,32.46,0.6867,0.4329,109.04,214.56,383.08,276.84,395.29,264.32,0.2164,63,63,116,88,7
114svar65.BMP,251.25,330.41,0.431953375,0.62,0.84,14.3,23.77,0.6016,0.5662,22.14,41.63,0.5318,0.2427,93.13,224.33,388.66,246.51,355.14,238.41,0.3327,78,47,110,101,7
66svar66.BMP,202.72,480.96,0.296512989,0.52,0.77,14.06,24.43,0.5755,0.4325,22.72,44.28,0.5131,0.3123,122.24,206.68,498.93,219.14,475.79,225.56,0.2178,87,65,128,114,7
67svar67.BMP,208.1,354.46,0.369916098,0.49,0.79,13.17,21.4,0.6154,0.5786,21.55,46.2,0.4665,0.2114,68.63,191.15,413.36,246.53,399.96,236.13,0.1474,67,53,102,96,7
68svar68.BMP,90.93,466.24,0.163199742,0.55,0.75,10.46,14.84,0.7049,0.5257,23.52,35.52,0.6622,0.4705,77.47,185.36,338.6,275.43,340.04,296.37,0.2373,54,32,126,107,7
69svar69.BMP,153.56,538.38,0.221926757,0.48,0.81,11.33,19.02,0.5957,0.5405,23.14,51.01,0.4536,0.2634,76.64,229.12,418.23,267.93,431.14,267.21,0.1018,53,38,147,156,7
70svar70.BMP,188.69,512.9,0.268946251,0.51,0.79,14.89,28.24,0.5273,0.3013,25.45,40.87,0.6227,0.3910,112.45,299.3,404.27,262.87,373.86,270.49,0.3081,62,41,162,133,7
115svar71.BMP,197.02,312.56,0.386632128,0.62,0.87,13.52,19.78,0.6835,0.6412,23.62,38.47,0.6140,0.2689,59.29,181.9,502.65,244.87,516.07,234.99,0.1740,53,24,134,113,7
72svar72.BMP,302.79,436.06,0.409812547,0.44,0.78,18.64,21.73,0.8578,0.8165,32.67,38.97,0.8383,0.3656,78.87,185.99,297.65,190.62,310.53,203.7,0.1892,102,90,142,131,7
120svar73.BMP,258.95,69.64,0.788064153,0.79,0.95,16.48,23.2,0.7103,0.6126,10.38,20.64,0.5029,0.2081,92.69,78.38,408.45,334.11,447.55,321.2,0.8012,71,43,54,33,7
117svar74.BMP,185.68,190.19,0.494000585,0.61,0.85,15.34,16.05,0.9558,0.9178,23.18,30.92,0.7497,0.2533,52.1,130.87,435.64,269.53,424.61,271.04,0.1446,54,35,69,59,7
75svar75.BMP,70.7,263.21,0.211733701,0.5,0.66,9.49,13.79,0.6882,0.4734,20.7,24.14,0.8575,0.5751,72.52,145.54,374.68,312.2,372.53,328.11,0.2671,27,29,70,72,7
76svar76.BMP,103.08,208.98,0.330321092,0.44,0.81,10.76,13.07,0.8233,0.7683,21.19,24.05,0.8811,0.4600,43.74,110.95,413.11,372.87,422.16,385.33,0.2572,34,31,46,35,7
77svar77.BMP,373.62,537.63,0.41000823,0.38,0.69,19.21,27.12,0.7083,0.6468,35.28,48.31,0.7303,0.2933,118.31,238.93,412.11,156.55,407.33,161.93,0.0598,95,99,110,121,7
78svar78.BMP,291.96,556.36,0.34416258,0.41,0.72,15.51,25.64,0.6049,0.5655,24.06,49.85,0.4826,0.2851,93.95,183.5,283.2,197.65,302.03,172.62,0.2523,80,71,143,116,7
79svar79.BMP,130.7,190.63,0.406746958,0.47,0.67,10.86,16.24,0.6687,0.6310,20.41,29.9,0.6826,0.2715,52.34,136.81,309.11,360.48,316.36,361.05,0.0977,53,37,42,52,7
80svar80.BMP,247.74,269.29,0.479159817,0.45,0.78,15.72,20.83,0.7547,0.7270,23.86,42.33,0.5637,0.1914,65.56,161.73,382.16,294.1,374.24,295.21,0.0759,66,60,72,66,7
81svar81.BMP,79.41,221,0.264338737,0.49,0.69,10.02,12.73,0.7871,0.6239,16.89,28.71,0.5883,0.3414,59.57,141.5,297.56,182.12,287.6,177.7,0.1524,33,23,70,70,7
82svar82.BMP,120.18,168.59,0.416178966,0.49,0.7,11.92,14.08,0.8466,0.7719,17.34,30.29,0.5725,0.2340,51.49,121.74,204.09,193.1,201.2,196.16,0.0558,41,32,51,49,7
83svar83.BMP,539.76,1144.72,0.320431231,0.43,0.78,22.75,31.47,0.7229,0.6939,41.94,64.94,0.6458,0.3456,111.11,343.93,383.27,221.93,374.97,254.37,0.2071,126,126,289,289,7
84svar84.BMP,386.14,674.72,0.363987708,0.38,0.75,16.95,29.83,0.5682,0.5525,25,64.55,0.3873,0.2062,80.14,224.49,392.69,282.03,372.39,255.92,0.2058,94,94,169,166,7
85svar85.BMP,160.13,231.96,0.408401132,0.39,0.68,9.47,22.78,0.4157,0.3929,22.24,32.73,0.6795,0.2757,63.06,145.59,470.94,461.24,468.14,456.94,0.0630,33,43,45,49,7
86svar86.BMP,477.51,452.84,0.513258451,0.35,0.7,20.14,33.4,0.6030,0.5450,28.02,59.52,0.4708,0.1628,125.26,291.19,460.57,311.77,485.7,269.35,0.3327,184,147,92,117,7
87svar87.BMP,420.52,562.18,0.427923069,0.46,0.74,17.9,32.36,0.5532,0.5113,28.55,61.07,0.4675,0.1919,147.03,274.78,394.69,300.86,381.54,311.3,0.1104,138,118,132,124,7
88svar88.BMP,352.01,554.17,0.388454832,0.4,0.74,14.94,34.77,0.4297,0.3707,34.87,43.14,0.8083,0.3791,104.18,240.09,284.16,259.36,244.56,238.86,0.4151,96,85,172,134,7
89svar89.BMP,210.04,465.74,0.310811211,0.43,0.76,15.38,18.1,0.8497,0.8163,25.79,39.04,0.6606,0.3891,63.08,180.75,372.17,313.65,355.86,276.11,0.4210,55,34,141,117,7
90svar90.BMP,185.37,418.71,0.306863329,0.44,0.7,13.27,19.51,0.6802,0.6201,24.83,43.56,0.5700,0.2810,73.72,187.11,339.87,293.11,326.18,286.16,0.1415,66,44,84,106,7
91svar91.BMP,123.06,182.18,0.403158171,0.35,0.64,9.81,16.99,0.5774,0.5428,18.57,30.41,0.6107,0.2508,47.33,118.64,535.63,503.24,543.26,514.58,0.1805,37,22,47,55,7
92svar92.BMP,135.02,217.87,0.382612145,0.41,0.64,8.98,20.4,0.4402,0.4131,18.05,35.19,0.5129,0.2240,62.45,150.52,582.36,442.22,590.7,444.18,0.0978,40,28,48,43,7
93svar93.BMP,155.31,369.36,0.296014638,0.48,0.74,13.7,17.44,0.7856,0.6502,29.16,29.84,0.9772,0.5282,83.54,171.52,472.25,249.14,467.07,250.74,0.0730,58,39,98,85,7
94svar94.BMP,243.92,523.04,0.318034839,0.39,0.8,16.05,20.04,0.8009,0.7733,21.23,45.85,0.4630,0.3168,64.66,193.62,421.67,280.27,454.48,214.22,0.6460,65,50,164,154,7
118svar95.BMP,177.98,201.65,0.468824908,0.61,0.88,11.37,21.08,0.5394,0.5100,16.49,39.5,0.4175,0.1646,66.47,155.62,343.95,296.03,354.66,305.69,0.1466,50,36,67,58,7
119svar96.BMP,321.77,63.56,0.835050476,0.63,0.84,16.56,25.8,0.6419,0.6155,18.24,33.07,0.5516,0.0740,81.22,114.71,390.71,305.52,416.32,296.75,0.3287,86,60,21,29,7
97svar97.BMP,162.57,220.81,0.424044029,0.53,0.76,9.89,23.22,0.4259,0.3839,17.68,39.39,0.4488,0.1812,84.71,182.46,358.46,308.16,357.13,303.99,0.0446,63,50,54,53,7
98svar98.BMP,276.68,430.36,0.391321566,0.49,0.82,16.86,21.71,0.7766,0.7474,32.93,38.95,0.8454,0.3612,74.46,232.68,408.29,236.49,414.12,212.84,0.2512,76,55,134,115,7
99svar99.BMP,149.48,227.01,0.397035778,0.52,0.76,12.46,16.97,0.7342,0.6609,22.38,31.58,0.7087,0.2898,69.24,156.57,325.8,75.45,320.31,75.4,0.0698,66,41,62,60,7
